Methane,Humidity,Temperature,Pressure,Altitude,Latitude & Longitude,Latitude,Longitude,Latitude (decimal),Longitude (decimal)
368.46,41.24,18.33,1020.24,-58.04,49 19.17820 -124 19.03224,49 19.17820,-124 19.03224,49.31964,-123.6828
368.46,41.23,18.33,1020.21,-58.02,49 19.17852 -124 19.03190,49 19.17852,-124 19.03190,49.31964,-123.6828
368.46,41.21,18.33,1020.25,-57.73,49 19.17741 -124 19.03218,49 19.17741,-124 19.03218,49.31962,-123.6828
368.46,41.18,18.33,1020.21,-57.99,49 19.17675 -124 19.03179,49 19.17675,-124 19.03179,49.31961,-123.6828
368.46,41.16,18.34,1020.23,-57.81,49 19.17532 -124 19.03355,49 19.17532,-124 19.03355,49.31959,-123.68277
368.46,41.13,18.34,1020.23,-57.8,49 19.17437 -124 19.03424,49 19.17437,-124 19.03424,49.31957,-123.68276
368.46,41.1,18.34,1020.22,-57.79,49 19.17607 -124 19.03431,49 19.17607,-124 19.03431,49.3196,-123.68276
368.46,41.07,18.34,1020.19,-57.91,49 19.17613 -124 19.03437,49 19.17613,-124 19.03437,49.3196,-123.68276
368.46,41.05,18.34,1020.14,-57.82,49 19.17726 -124 19.03441,49 19.17726,-124 19.03441,49.31962,-123.68276
366.02,41.02,18.34,1020.19,-57.83,49 19.17714 -124 19.03298,49 19.17714,-124 19.03298,49.31962,-123.68278
368.46,41,18.35,1020.23,-57.71,49 19.17695 -124 19.03287,49 19.17695,-124 19.03287,49.31962,-123.68279
368.46,40.98,18.35,1020.22,-57.7,49 19.17706 -124 19.03215,49 19.17706,-124 19.03215,49.31962,-123.6828
368.46,40.97,18.35,1020.2,-57.79,49 19.17911 -124 19.03287,49 19.17911,-124 19.03287,49.31965,-123.68279
366.02,40.95,18.36,1020.23,-57.8,49 19.17877 -124 19.03338,49 19.17877,-124 19.03338,49.31965,-123.68278
368.46,40.97,18.36,1020.19,-57.77,49 19.17896 -124 19.03377,49 19.17896,-124 19.03377,49.31965,-123.68277
368.46,40.99,18.36,1020.2,-57.87,49 19.17884 -124 19.03374,49 19.17884,-124 19.03374,49.31965,-123.68277
368.46,41.01,18.36,1020.21,-58.03,49 19.17825 -124 19.03437,49 19.17825,-124 19.03437,49.31964,-123.68276
368.46,41.15,18.37,1020.22,-57.83,49 19.17847 -124 19.03526,49 19.17847,-124 19.03526,49.31964,-123.68275
368.46,41.25,18.38,1020.22,-57.7,49 19.17775 -124 19.03603,49 19.17775,-124 19.03603,49.31963,-123.68273
368.46,41.27,18.38,1020.2,-57.72,49 19.18296 -124 19.03399,49 19.18296,-124 19.03399,49.31972,-123.68277
368.46,41.3,18.39,1020.23,-57.58,49 19.18516 -124 19.03285,49 19.18516,-124 19.03285,49.31975,-123.68279
368.46,41.34,18.39,1020.23,-57.71,49 19.18691 -124 19.03422,49 19.18691,-124 19.03422,49.31978,-123.68276
368.46,41.34,18.4,1020.19,-58.08,49 19.18741 -124 19.03341,49 19.18741,-124 19.03341,49.31979,-123.68278
368.46,41.34,18.4,1020.19,-57.79,49 19.18659 -124 19.03337,49 19.18659,-124 19.03337,49.31978,-123.68278
368.46,41.32,18.4,1020.21,-57.96,49 19.18666 -124 19.03445,49 19.18666,-124 19.03445,49.31978,-123.68276
368.46,41.27,18.4,1020.21,-57.86,49 19.18778 -124 19.03552,49 19.18778,-124 19.03552,49.3198,-123.68274
368.46,41.24,18.4,1020.22,-58.1,49 19.18976 -124 19.03628,49 19.18976,-124 19.03628,49.31983,-123.68273
368.46,41.2,18.41,1020.23,-57.81,49 19.19023 -124 19.03605,49 19.19023,-124 19.03605,49.31984,-123.68273
368.46,41.18,18.41,1020.22,-57.71,49 19.19023 -124 19.03420,49 19.19023,-124 19.03420,49.31984,-123.68276
368.46,41.16,18.41,1020.21,-57.72,49 19.19085 -124 19.03302,49 19.19085,-124 19.03302,49.31985,-123.68278
368.46,41.13,18.41,1020.21,-57.58,49 19.19027 -124 19.02978,49 19.19027,-124 19.02978,49.31984,-123.68284
368.46,41.11,18.41,1020.22,-57.82,49 19.18796 -124 19.02978,49 19.18796,-124 19.02978,49.3198,-123.68284
368.46,41.09,18.41,1020.19,-57.71,49 19.18620 -124 19.03041,49 19.18620,-124 19.03041,49.31977,-123.68283
368.46,41.06,18.42,1020.19,-57.45,49 19.18514 -124 19.03140,49 19.18514,-124 19.03140,49.31975,-123.68281
368.46,41.21,18.41,1020.16,-57.29,49 19.18520 -124 19.03189,49 19.18520,-124 19.03189,49.31975,-123.6828
368.46,41.23,18.42,1020.13,-57.43,49 19.18662 -124 19.03204,49 19.18662,-124 19.03204,49.31978,-123.6828
366.02,41.39,18.43,1020.18,-57.47,49 19.18754 -124 19.03253,49 19.18754,-124 19.03253,49.31979,-123.68279
368.46,41.42,18.43,1020.16,-57.38,49 19.18749 -124 19.03298,49 19.18749,-124 19.03298,49.31979,-123.68278
366.02,41.24,18.43,1020.15,-57.45,49 19.18973 -124 19.03420,49 19.18973,-124 19.03420,49.31983,-123.68276
366.02,41.15,18.43,1020.18,-57.6,49 19.18957 -124 19.03315,49 19.18957,-124 19.03315,49.31983,-123.68278
366.02,40.76,18.38,1020.21,-57.68,49 19.19035 -124 19.03323,49 19.19035,-124 19.03323,49.31984,-123.68278
366.02,39.71,18.27,1020.19,-57.36,49 19.19030 -124 19.03360,49 19.19030,-124 19.03360,49.31984,-123.68277
366.02,39.45,18.17,1020.15,-57.31,49 19.19084 -124 19.03438,49 19.19084,-124 19.03438,49.31985,-123.68276
366.02,39.19,18.05,1020.13,-57.06,49 19.19148 -124 19.03454,49 19.19148,-124 19.03454,49.31986,-123.68276
366.02,39.03,17.91,1020.09,-56.77,49 19.19144 -124 19.03634,49 19.19144,-124 19.03634,49.31986,-123.68273
366.02,39.04,17.77,1020.06,-56.51,49 19.19099 -124 19.03860,49 19.19099,-124 19.03860,49.31985,-123.68269
363.57,39.09,17.62,1020.07,-56.62,49 19.19114 -124 19.04034,49 19.19114,-124 19.04034,49.31985,-123.68266
363.57,39.31,17.45,1020.03,-56.48,49 19.19141 -124 19.04219,49 19.19141,-124 19.04219,49.31986,-123.68263
363.57,39.65,17.24,1020.02,-56.44,49 19.19170 -124 19.04445,49 19.19170,-124 19.04445,49.31986,-123.68259
363.57,39.97,17.04,1020.06,-56.31,49 19.19192 -124 19.04776,49 19.19192,-124 19.04776,49.31987,-123.68254
363.57,40.53,16.84,1020.04,-56.69,49 19.19159 -124 19.04966,49 19.19159,-124 19.04966,49.31986,-123.68251
361.13,40.74,16.62,1020.04,-56.5,49 19.19087 -124 19.05186,49 19.19087,-124 19.05186,49.31985,-123.68247
363.57,40.88,16.47,1020.04,-56.19,49 19.19019 -124 19.05392,49 19.19019,-124 19.05392,49.31984,-123.68243
361.13,41.03,16.33,1020,-55.93,49 19.18897 -124 19.05470,49 19.18897,-124 19.05470,49.31982,-123.68242
361.13,41.3,16.15,1020.04,-56.36,49 19.18842 -124 19.05476,49 19.18842,-124 19.05476,49.31981,-123.68242
363.57,41.65,15.97,1020.03,-56.36,49 19.18829 -124 19.05466,49 19.18829,-124 19.05466,49.3198,-123.68242
363.57,42.03,15.85,1020.01,-56.32,49 19.18819 -124 19.05431,49 19.18819,-124 19.05431,49.3198,-123.68243
363.57,42.21,15.67,1020.01,-56.17,49 19.18812 -124 19.05425,49 19.18812,-124 19.05425,49.3198,-123.68243
363.57,42.49,15.42,1020.02,-56.01,49 19.18737 -124 19.05468,49 19.18737,-124 19.05468,49.31979,-123.68242
363.57,42.91,15.21,1020.02,-56.09,49 19.18786 -124 19.05546,49 19.18786,-124 19.05546,49.3198,-123.68241
366.02,43.21,15.1,1020.02,-56.25,49 19.18780 -124 19.05565,49 19.18780,-124 19.05565,49.3198,-123.68241
363.57,43.39,14.99,1020.06,-56.32,49 19.18774 -124 19.05571,49 19.18774,-124 19.05571,49.3198,-123.6824
363.57,43.64,14.84,1020.03,-56.29,49 19.18771 -124 19.05614,49 19.18771,-124 19.05614,49.3198,-123.6824
363.57,43.84,14.75,1020.03,-56.38,49 19.18775 -124 19.05642,49 19.18775,-124 19.05642,49.3198,-123.68239
363.57,44.05,14.66,1020.04,-56.59,49 19.18770 -124 19.05689,49 19.18770,-124 19.05689,49.3198,-123.68239
366.02,44.25,14.58,1020.05,-56.59,49 19.18756 -124 19.05695,49 19.18756,-124 19.05695,49.31979,-123.68238
366.02,44.38,14.51,1020.05,-56.58,49 19.18735 -124 19.05702,49 19.18735,-124 19.05702,49.31979,-123.68238
363.57,44.49,14.41,1020.04,-56.32,49 19.18729 -124 19.05713,49 19.18729,-124 19.05713,49.31979,-123.68238
363.57,44.59,14.35,1020.07,-56.5,49 19.18726 -124 19.05728,49 19.18726,-124 19.05728,49.31979,-123.68238
363.57,44.66,14.29,1020.05,-56.3,49 19.18708 -124 19.05731,49 19.18708,-124 19.05731,49.31978,-123.68238
363.57,44.79,14.22,1020.06,-56.54,49 19.18700 -124 19.05733,49 19.18700,-124 19.05733,49.31978,-123.68238
363.57,44.91,14.16,1020.05,-56.67,49 19.18702 -124 19.05733,49 19.18702,-124 19.05733,49.31978,-123.68238
363.57,45.04,14.11,1020.07,-56.62,49 19.18683 -124 19.05737,49 19.18683,-124 19.05737,49.31978,-123.68238
363.57,45.26,14.05,1020.09,-56.68,49 19.18686 -124 19.05732,49 19.18686,-124 19.05732,49.31978,-123.68238
363.57,45.4,14,1020.1,-56.75,49 19.18692 -124 19.05733,49 19.18692,-124 19.05733,49.31978,-123.68238
363.57,45.51,13.95,1020.06,-56.7,49 19.18695 -124 19.05728,49 19.18695,-124 19.05728,49.31978,-123.68238
363.57,45.58,13.88,1020.07,-56.41,49 19.18695 -124 19.05721,49 19.18695,-124 19.05721,49.31978,-123.68238
363.57,45.76,13.84,1020.09,-56.59,49 19.18704 -124 19.05714,49 19.18704,-124 19.05714,49.31978,-123.68238
363.57,45.92,13.79,1020.06,-56.5,49 19.18711 -124 19.05714,49 19.18711,-124 19.05714,49.31979,-123.68238
363.57,46.07,13.73,1020.05,-56.46,49 19.18723 -124 19.05714,49 19.18723,-124 19.05714,49.31979,-123.68238
363.57,46.14,13.69,1020.06,-56.44,49 19.18710 -124 19.05713,49 19.18710,-124 19.05713,49.31979,-123.68238
363.57,46.23,13.64,1020.03,-56.54,49 19.18702 -124 19.05710,49 19.18702,-124 19.05710,49.31978,-123.68238
363.57,46.32,13.59,1020.04,-56.45,49 19.18711 -124 19.05712,49 19.18711,-124 19.05712,49.31979,-123.68238
363.57,46.43,13.55,1020.06,-56.52,49 19.18714 -124 19.05714,49 19.18714,-124 19.05714,49.31979,-123.68238
363.57,46.48,13.5,1020.01,-56.32,49 19.18732 -124 19.05713,49 19.18732,-124 19.05713,49.31979,-123.68238
363.57,46.56,13.44,1020.04,-56.48,49 19.18767 -124 19.05720,49 19.18767,-124 19.05720,49.31979,-123.68238
363.57,46.72,13.4,1020.07,-56.79,49 19.18774 -124 19.05727,49 19.18774,-124 19.05727,49.3198,-123.68238
361.13,46.82,13.36,1020.04,-56.43,49 19.18789 -124 19.05743,49 19.18789,-124 19.05743,49.3198,-123.68238
363.57,46.91,13.31,1020.02,-56.58,49 19.18798 -124 19.05745,49 19.18798,-124 19.05745,49.3198,-123.68238
361.13,47.01,13.27,1020.07,-56.33,49 19.18812 -124 19.05743,49 19.18812,-124 19.05743,49.3198,-123.68238
361.13,47.13,13.24,1020.05,-56.52,49 19.18814 -124 19.05743,49 19.18814,-124 19.05743,49.3198,-123.68238
361.13,47.17,13.2,1020.05,-56.81,49 19.18818 -124 19.05740,49 19.18818,-124 19.05740,49.3198,-123.68238
361.13,47.23,13.17,1020.07,-56.49,49 19.18820 -124 19.05743,49 19.18820,-124 19.05743,49.3198,-123.68238
361.13,47.33,13.13,1020.07,-56.45,49 19.18819 -124 19.05741,49 19.18819,-124 19.05741,49.3198,-123.68238
361.13,47.53,13.08,1020.07,-56.26,49 19.18828 -124 19.05735,49 19.18828,-124 19.05735,49.3198,-123.68238
361.13,47.69,13.03,1020.09,-56.63,49 19.18826 -124 19.05720,49 19.18826,-124 19.05720,49.3198,-123.68238
361.13,47.85,12.99,1020.05,-56.48,49 19.18819 -124 19.05705,49 19.18819,-124 19.05705,49.3198,-123.68238
361.13,47.98,12.95,1020.03,-56.36,49 19.18819 -124 19.05701,49 19.18819,-124 19.05701,49.3198,-123.68238
361.13,48.14,12.92,1020.03,-56.36,49 19.18815 -124 19.05694,49 19.18815,-124 19.05694,49.3198,-123.68238
361.13,48.35,12.88,1020.11,-56.73,49 19.18815 -124 19.05682,49 19.18815,-124 19.05682,49.3198,-123.68239
361.13,48.57,12.85,1020.07,-56.67,49 19.18819 -124 19.05672,49 19.18819,-124 19.05672,49.3198,-123.68239
361.13,48.73,12.82,1020.05,-56.79,49 19.18820 -124 19.05662,49 19.18820,-124 19.05662,49.3198,-123.68239
361.13,48.88,12.79,1020.04,-56.53,49 19.18825 -124 19.05655,49 19.18825,-124 19.05655,49.3198,-123.68239
361.13,49.03,12.74,1020.06,-56.72,49 19.18828 -124 19.05642,49 19.18828,-124 19.05642,49.3198,-123.68239
363.57,49.26,12.71,1020.08,-56.53,49 19.18835 -124 19.05636,49 19.18835,-124 19.05636,49.31981,-123.68239
361.13,49.43,12.68,1020.08,-56.9,49 19.18838 -124 19.05632,49 19.18838,-124 19.05632,49.31981,-123.68239
363.57,49.61,12.65,1020.11,-56.87,49 19.18845 -124 19.05631,49 19.18845,-124 19.05631,49.31981,-123.68239
363.57,49.8,12.62,1020.1,-56.73,49 19.18846 -124 19.05632,49 19.18846,-124 19.05632,49.31981,-123.68239
363.57,49.92,12.6,1020.12,-56.77,49 19.18852 -124 19.05634,49 19.18852,-124 19.05634,49.31981,-123.68239
363.57,50.05,12.55,1020.08,-56.68,49 19.18855 -124 19.05634,49 19.18855,-124 19.05634,49.31981,-123.68239
363.57,50.24,12.52,1020.1,-56.76,49 19.18861 -124 19.05635,49 19.18861,-124 19.05635,49.31981,-123.68239
363.57,50.55,12.5,1020.09,-56.65,49 19.18863 -124 19.05625,49 19.18863,-124 19.05625,49.31981,-123.6824
363.57,50.8,12.47,1020.05,-56.52,49 19.18852 -124 19.05607,49 19.18852,-124 19.05607,49.31981,-123.6824
363.57,50.95,12.44,1020.1,-56.76,49 19.18856 -124 19.05594,49 19.18856,-124 19.05594,49.31981,-123.6824
363.57,51.04,12.43,1020.06,-56.81,49 19.18857 -124 19.05590,49 19.18857,-124 19.05590,49.31981,-123.6824
363.57,51.1,12.4,1020.07,-56.55,49 19.18853 -124 19.05573,49 19.18853,-124 19.05573,49.31981,-123.6824
363.57,51.18,12.37,1020.07,-56.51,49 19.18841 -124 19.05568,49 19.18841,-124 19.05568,49.31981,-123.68241
363.57,51.36,12.34,1020,-56.57,49 19.18836 -124 19.05568,49 19.18836,-124 19.05568,49.31981,-123.68241
363.57,51.49,12.31,1020.06,-56.51,49 19.18833 -124 19.05570,49 19.18833,-124 19.05570,49.31981,-123.68241
363.57,51.73,12.28,1020.05,-56.56,49 19.18828 -124 19.05599,49 19.18828,-124 19.05599,49.3198,-123.6824
363.57,51.92,12.26,1020.04,-56.73,49 19.18822 -124 19.05636,49 19.18822,-124 19.05636,49.3198,-123.68239
363.57,51.98,12.23,1020.05,-56.73,49 19.18866 -124 19.05733,49 19.18866,-124 19.05733,49.31981,-123.68238
363.57,52.05,12.2,1020.08,-56.43,49 19.18878 -124 19.05762,49 19.18878,-124 19.05762,49.31981,-123.68237
363.57,52.13,12.18,1020.07,-56.94,49 19.18880 -124 19.05771,49 19.18880,-124 19.05771,49.31981,-123.68237
366.02,52.28,12.16,1020.05,-56.72,49 19.18872 -124 19.05775,49 19.18872,-124 19.05775,49.31981,-123.68237
363.57,52.37,12.14,1020.07,-56.57,49 19.18846 -124 19.05788,49 19.18846,-124 19.05788,49.31981,-123.68237
363.57,52.38,12.12,1020.11,-56.99,49 19.18836 -124 19.05780,49 19.18836,-124 19.05780,49.31981,-123.68237
363.57,52.4,12.09,1020.08,-56.86,49 19.18868 -124 19.05776,49 19.18868,-124 19.05776,49.31981,-123.68237
363.57,52.38,11.89,1020.08,-56.8,49 19.18892 -124 19.05755,49 19.18892,-124 19.05755,49.31982,-123.68237
363.57,52.56,12.03,1020.11,-56.73,49 19.18887 -124 19.05725,49 19.18887,-124 19.05725,49.31981,-123.68238
363.57,52.63,12.01,1020.12,-56.79,49 19.18873 -124 19.05726,49 19.18873,-124 19.05726,49.31981,-123.68238
363.57,52.82,11.98,1020.08,-56.83,49 19.18871 -124 19.05735,49 19.18871,-124 19.05735,49.31981,-123.68238
363.57,52.88,11.95,1020.1,-57.07,49 19.18874 -124 19.05739,49 19.18874,-124 19.05739,49.31981,-123.68238
363.57,52.95,11.94,1020.09,-56.81,49 19.18871 -124 19.05736,49 19.18871,-124 19.05736,49.31981,-123.68238
366.02,52.97,11.93,1020.09,-56.77,49 19.18865 -124 19.05749,49 19.18865,-124 19.05749,49.31981,-123.68238
363.57,53.01,11.91,1020.08,-56.81,49 19.18859 -124 19.05756,49 19.18859,-124 19.05756,49.31981,-123.68237
363.57,53.2,11.89,1020.08,-56.69,49 19.18839 -124 19.05770,49 19.18839,-124 19.05770,49.31981,-123.68237
363.57,53.44,11.87,1020.12,-57.16,49 19.18837 -124 19.05787,49 19.18837,-124 19.05787,49.31981,-123.68237
363.57,53.65,11.85,1020.1,-56.65,49 19.18835 -124 19.05791,49 19.18835,-124 19.05791,49.31981,-123.68237
366.02,53.7,11.83,1020.08,-56.76,49 19.18859 -124 19.05813,49 19.18859,-124 19.05813,49.31981,-123.68236
366.02,53.76,11.82,1020.17,-57.55,49 19.18866 -124 19.05830,49 19.18866,-124 19.05830,49.31981,-123.68236
366.02,53.97,11.81,1020.29,-56.43,49 19.18858 -124 19.05822,49 19.18858,-124 19.05822,49.31981,-123.68236
363.57,54.1,11.79,1020.29,-58.39,49 19.18867 -124 19.05820,49 19.18867,-124 19.05820,49.31981,-123.68236
366.02,54.09,11.78,1020.28,-58.4,49 19.18860 -124 19.05803,49 19.18860,-124 19.05803,49.31981,-123.68237
363.57,54.13,11.77,1020.26,-58.09,49 19.18871 -124 19.05796,49 19.18871,-124 19.05796,49.31981,-123.68237
366.02,54.29,11.76,1020.29,-58.34,49 19.18871 -124 19.05795,49 19.18871,-124 19.05795,49.31981,-123.68237
366.02,54.42,11.75,1020.27,-58.3,49 19.18864 -124 19.05785,49 19.18864,-124 19.05785,49.31981,-123.68237
366.02,54.64,11.74,1020.28,-58.39,49 19.18864 -124 19.05775,49 19.18864,-124 19.05775,49.31981,-123.68237
366.02,54.99,11.73,1020.26,-58.23,49 19.18857 -124 19.05771,49 19.18857,-124 19.05771,49.31981,-123.68237
366.02,55.11,11.73,1020.27,-58.36,49 19.18855 -124 19.05770,49 19.18855,-124 19.05770,49.31981,-123.68237
366.02,55.24,11.72,1020.25,-57.97,49 19.18825 -124 19.05777,49 19.18825,-124 19.05777,49.3198,-123.68237
366.02,55.36,11.72,1020.26,-58.1,49 19.18771 -124 19.05773,49 19.18771,-124 19.05773,49.3198,-123.68237
366.02,55.71,11.71,1020.26,-58.24,49 19.18683 -124 19.05802,49 19.18683,-124 19.05802,49.31978,-123.68237
366.02,55.97,11.71,1020.24,-58.14,49 19.18603 -124 19.05857,49 19.18603,-124 19.05857,49.31977,-123.68236
366.02,56.16,11.7,1020.25,-58.14,49 19.18557 -124 19.05915,49 19.18557,-124 19.05915,49.31976,-123.68235
366.02,56.16,11.7,1020.27,-58.21,49 19.18567 -124 19.05872,49 19.18567,-124 19.05872,49.31976,-123.68235
366.02,59.34,11.71,1020.24,-58.37,49 19.18563 -124 19.05535,49 19.18563,-124 19.05535,49.31976,-123.68241
366.02,61.16,11.71,1020.27,-58.44,49 19.18498 -124 19.04572,49 19.18498,-124 19.04572,49.31975,-123.68257
368.46,61.08,11.72,1020.36,-58.86,49 19.18492 -124 19.03788,49 19.18492,-124 19.03788,49.31975,-123.6827
368.46,61.5,11.73,1020.33,-58.9,49 19.18423 -124 19.02970,49 19.18423,-124 19.02970,49.31974,-123.68284
368.46,61.47,11.73,1020.36,-59.2,49 19.18386 -124 19.02375,49 19.18386,-124 19.02375,49.31973,-123.68294
368.46,61.15,11.73,1020.36,-59.25,49 19.18374 -124 19.02028,49 19.18374,-124 19.02028,49.31973,-123.683
368.46,60.64,11.74,1020.36,-59.18,49 19.18355 -124 19.01780,49 19.18355,-124 19.01780,49.31973,-123.68304
368.46,60.05,11.74,1020.34,-58.8,49 19.18221 -124 19.01535,49 19.18221,-124 19.01535,49.3197,-123.68308
368.46,59.49,11.74,1020.27,-58.17,49 19.17734 -124 19.01406,49 19.17734,-124 19.01406,49.31962,-123.6831
368.46,59.24,11.74,1020.15,-57.1,49 19.16904 -124 19.01363,49 19.16904,-124 19.01363,49.31948,-123.68311
368.46,59.13,11.74,1020.04,-56.04,49 19.15249 -124 19.01302,49 19.15249,-124 19.01302,49.31921,-123.68312
368.46,59.8,11.75,1019.98,-55.74,49 19.14113 -124 19.01030,49 19.14113,-124 19.01030,49.31902,-123.68316
368.46,61.04,11.76,1019.95,-55.49,49 19.12942 -124 19.00318,49 19.12942,-124 19.00318,49.31882,-123.68328
368.46,61.73,11.76,1019.93,-55.55,49 19.12050 -124 18.99427,49 19.12050,-124 18.99427,49.31868,-123.68343
368.46,61.39,11.77,1019.94,-55.29,49 19.11263 -124 18.98283,49 19.11263,-124 18.98283,49.31854,-123.68362
368.46,60.65,11.77,1019.91,-55.16,49 19.10617 -124 18.96971,49 19.10617,-124 18.96971,49.31844,-123.68384
368.46,60.11,11.78,1019.87,-55.23,49 19.10176 -124 18.95490,49 19.10176,-124 18.95490,49.31836,-123.68409
368.46,59.84,11.78,1019.93,-55.53,49 19.09911 -124 18.93870,49 19.09911,-124 18.93870,49.31832,-123.68436
368.46,59.7,11.78,1020.01,-56.2,49 19.09820 -124 18.91568,49 19.09820,-124 18.91568,49.3183,-123.68474
368.46,59.61,11.78,1020.02,-56.48,49 19.09669 -124 18.90446,49 19.09669,-124 18.90446,49.31828,-123.68493
368.46,59.44,11.78,1020.05,-56.39,49 19.09306 -124 18.89759,49 19.09306,-124 18.89759,49.31822,-123.68504
368.46,59.25,11.78,1020.01,-55.83,49 19.08814 -124 18.89542,49 19.08814,-124 18.89542,49.31814,-123.68508
368.46,59.09,11.79,1019.87,-54.84,49 19.08044 -124 18.89931,49 19.08044,-124 18.89931,49.31801,-123.68501
368.46,58.92,11.8,1019.73,-53.34,49 19.07058 -124 18.91033,49 19.07058,-124 18.91033,49.31784,-123.68483
368.46,58.82,11.8,1019.59,-51.86,49 19.05866 -124 18.92437,49 19.05866,-124 18.92437,49.31764,-123.68459
368.46,58.67,11.81,1019.44,-51.37,49 19.04577 -124 18.93995,49 19.04577,-124 18.93995,49.31743,-123.68433
368.46,58.55,11.8,1019.36,-50.36,49 19.03336 -124 18.95523,49 19.03336,-124 18.95523,49.31722,-123.68408
368.46,58.41,11.81,1019.21,-49.23,49 19.01628 -124 18.97806,49 19.01628,-124 18.97806,49.31694,-123.6837
368.46,58.34,11.81,1019.11,-48.77,49 19.00484 -124 18.99333,49 19.00484,-124 18.99333,49.31675,-123.68344
368.46,58.38,11.82,1018.97,-47.47,49 18.99335 -124 19.00986,49 18.99335,-124 19.00986,49.31656,-123.68317
368.46,58.55,11.83,1018.83,-46.37,49 18.98160 -124 19.02740,49 18.98160,-124 19.02740,49.31636,-123.68288
368.46,58.64,11.83,1018.72,-45.54,49 18.96926 -124 19.04494,49 18.96926,-124 19.04494,49.31615,-123.68258
368.46,58.63,11.84,1018.62,-44.26,49 18.95689 -124 19.06327,49 18.95689,-124 19.06327,49.31595,-123.68228
368.46,58.9,11.84,1018.53,-43.43,49 18.94454 -124 19.08185,49 18.94454,-124 19.08185,49.31574,-123.68197
368.46,58.97,11.85,1018.44,-42.9,49 18.93250 -124 19.10015,49 18.93250,-124 19.10015,49.31554,-123.68166
368.46,58.99,11.85,1018.28,-41.52,49 18.91481 -124 19.12720,49 18.91481,-124 19.12720,49.31525,-123.68121
368.46,58.99,11.86,1018.16,-40.5,49 18.90333 -124 19.14506,49 18.90333,-124 19.14506,49.31506,-123.68092
368.46,59.02,11.86,1018.08,-39.91,49 18.89177 -124 19.16300,49 18.89177,-124 19.16300,49.31486,-123.68062
370.9,59.01,11.87,1017.96,-39.22,49 18.88036 -124 19.18099,49 18.88036,-124 19.18099,49.31467,-123.68032
368.46,59.01,11.88,1017.86,-38.13,49 18.86885 -124 19.19882,49 18.86885,-124 19.19882,49.31448,-123.68002
370.9,58.97,11.88,1017.73,-37.68,49 18.85711 -124 19.21675,49 18.85711,-124 19.21675,49.31429,-123.67972
368.46,58.93,11.89,1017.61,-35.97,49 18.84543 -124 19.23477,49 18.84543,-124 19.23477,49.31409,-123.67942
368.46,58.78,11.89,1017.51,-35.31,49 18.83359 -124 19.25229,49 18.83359,-124 19.25229,49.31389,-123.67913
368.46,58.69,11.9,1017.44,-34.42,49 18.82119 -124 19.26854,49 18.82119,-124 19.26854,49.31369,-123.67886
370.9,58.6,11.91,1017.34,-33.83,49 18.80181 -124 19.28971,49 18.80181,-124 19.28971,49.31336,-123.6785
368.46,58.55,11.92,1017.26,-33.25,49 18.78912 -124 19.30080,49 18.78912,-124 19.30080,49.31315,-123.67832
368.46,58.52,11.92,1017.24,-33.07,49 18.77728 -124 19.31029,49 18.77728,-124 19.31029,49.31295,-123.67816
368.46,58.48,11.92,1017.16,-32.71,49 18.76612 -124 19.31804,49 18.76612,-124 19.31804,49.31277,-123.67803
368.46,58.46,11.93,1017.18,-32.58,49 18.75591 -124 19.32412,49 18.75591,-124 19.32412,49.3126,-123.67793
368.46,58.45,11.93,1017.17,-32.52,49 18.74834 -124 19.32829,49 18.74834,-124 19.32829,49.31247,-123.67786
370.9,58.45,11.94,1017.2,-32.72,49 18.74422 -124 19.33015,49 18.74422,-124 19.33015,49.3124,-123.67783
368.46,58.43,11.95,1017.21,-32.85,49 18.74369 -124 19.33040,49 18.74369,-124 19.33040,49.31239,-123.67783
368.46,58.39,11.95,1017.21,-32.66,49 18.74378 -124 19.33058,49 18.74378,-124 19.33058,49.3124,-123.67782
370.9,58.38,11.96,1017.18,-33.02,49 18.74375 -124 19.33054,49 18.74375,-124 19.33054,49.3124,-123.67782
370.9,58.38,11.96,1017.22,-32.71,49 18.74367 -124 19.33032,49 18.74367,-124 19.33032,49.31239,-123.67783
370.9,58.35,11.96,1017.19,-32.82,49 18.74365 -124 19.33031,49 18.74365,-124 19.33031,49.31239,-123.67783
370.9,58.3,11.97,1017.19,-32.89,49 18.74369 -124 19.33033,49 18.74369,-124 19.33033,49.31239,-123.67783
370.9,58.27,11.98,1017.19,-32.84,49 18.74364 -124 19.33029,49 18.74364,-124 19.33029,49.31239,-123.67783
370.9,58.25,11.99,1017.23,-32.75,49 18.74367 -124 19.33033,49 18.74367,-124 19.33033,49.31239,-123.67783
370.9,58.23,11.99,1017.2,-32.92,49 18.74357 -124 19.33015,49 18.74357,-124 19.33015,49.31239,-123.67783
368.46,58.21,12,1017.22,-32.81,49 18.74356 -124 19.33016,49 18.74356,-124 19.33016,49.31239,-123.67783
370.9,58.23,12,1017.21,-32.82,49 18.74351 -124 19.33011,49 18.74351,-124 19.33011,49.31239,-123.67783
370.9,58.77,12.03,1017.22,-32.81,49 18.74352 -124 19.33016,49 18.74352,-124 19.33016,49.31239,-123.67783
370.9,58.94,12.03,1017.2,-32.69,49 18.74320 -124 19.33023,49 18.74320,-124 19.33023,49.31239,-123.67783
370.9,58.97,12.05,1017.18,-32.73,49 18.74192 -124 19.33069,49 18.74192,-124 19.33069,49.31237,-123.67782
370.9,58.93,12.05,1017.15,-32.4,49 18.73820 -124 19.33236,49 18.73820,-124 19.33236,49.3123,-123.67779
370.9,58.85,12.06,1017.07,-31.58,49 18.73126 -124 19.33493,49 18.73126,-124 19.33493,49.31219,-123.67775
370.9,58.79,12.07,1017,-30.76,49 18.72235 -124 19.33881,49 18.72235,-124 19.33881,49.31204,-123.67769
370.9,58.75,12.08,1016.84,-29.42,49 18.71044 -124 19.34376,49 18.71044,-124 19.34376,49.31184,-123.6776
370.9,58.72,12.09,1016.7,-28.45,49 18.69600 -124 19.34974,49 18.69600,-124 19.34974,49.3116,-123.6775
370.9,58.72,12.1,1016.55,-27.15,49 18.67154 -124 19.36007,49 18.67154,-124 19.36007,49.31119,-123.67733
370.9,58.74,12.1,1016.39,-25.77,49 18.65388 -124 19.36753,49 18.65388,-124 19.36753,49.3109,-123.67721
370.9,58.96,12.11,1016.2,-23.98,49 18.63609 -124 19.37523,49 18.63609,-124 19.37523,49.3106,-123.67708
370.9,59.05,12.12,1016.04,-22.73,49 18.61827 -124 19.38290,49 18.61827,-124 19.38290,49.3103,-123.67695
370.9,59.01,12.14,1015.81,-21.71,49 18.60050 -124 19.39037,49 18.60050,-124 19.39037,49.31001,-123.67683
373.34,59,12.15,1015.77,-19.83,49 18.58291 -124 19.39760,49 18.58291,-124 19.39760,49.30972,-123.67671
370.9,58.98,12.15,1015.56,-18.87,49 18.56636 -124 19.40427,49 18.56636,-124 19.40427,49.30944,-123.6766
373.34,58.93,12.16,1015.41,-17.8,49 18.55019 -124 19.41087,49 18.55019,-124 19.41087,49.30917,-123.67649
373.34,58.86,12.17,1015.19,-15.82,49 18.52613 -124 19.42091,49 18.52613,-124 19.42091,49.30877,-123.67632
373.34,58.79,12.18,1015.03,-14.22,49 18.50997 -124 19.42765,49 18.50997,-124 19.42765,49.3085,-123.67621
373.34,58.72,12.18,1014.78,-12.46,49 18.49366 -124 19.43448,49 18.49366,-124 19.43448,49.30823,-123.67609
373.34,58.69,12.19,1014.72,-11.81,49 18.47714 -124 19.44137,49 18.47714,-124 19.44137,49.30795,-123.67598
373.34,58.64,12.2,1014.58,-10.84,49 18.46103 -124 19.44814,49 18.46103,-124 19.44814,49.30768,-123.67586
373.34,58.61,12.2,1014.43,-9.6,49 18.44459 -124 19.45504,49 18.44459,-124 19.45504,49.30741,-123.67575
375.78,58.6,12.21,1014.2,-7.28,49 18.42728 -124 19.46339,49 18.42728,-124 19.46339,49.30712,-123.67561
375.78,58.61,12.21,1013.97,-5.08,49 18.40929 -124 19.47443,49 18.40929,-124 19.47443,49.30682,-123.67543
375.78,58.61,12.22,1013.67,-3.32,49 18.39106 -124 19.48862,49 18.39106,-124 19.48862,49.30652,-123.67519
375.78,58.63,12.23,1013.37,-0.55,49 18.36491 -124 19.51424,49 18.36491,-124 19.51424,49.30608,-123.67476
375.78,58.7,12.24,1013.16,1.21,49 18.34901 -124 19.53400,49 18.34901,-124 19.53400,49.30582,-123.67443
375.78,58.72,12.25,1012.94,2.97,49 18.33467 -124 19.55562,49 18.33467,-124 19.55562,49.30558,-123.67407
375.78,58.64,12.27,1012.65,5.46,49 18.32115 -124 19.57912,49 18.32115,-124 19.57912,49.30535,-123.67368
375.78,58.56,12.28,1012.41,7.06,49 18.30871 -124 19.60398,49 18.30871,-124 19.60398,49.30515,-123.67327
375.78,58.53,12.29,1012.14,9.84,49 18.29821 -124 19.63060,49 18.29821,-124 19.63060,49.30497,-123.67282
375.78,58.59,12.3,1011.95,11.58,49 18.28905 -124 19.65853,49 18.28905,-124 19.65853,49.30482,-123.67236
375.78,58.67,12.32,1011.67,13.8,49 18.28203 -124 19.68807,49 18.28203,-124 19.68807,49.3047,-123.67187
375.78,58.71,12.32,1011.35,16.29,49 18.27488 -124 19.73520,49 18.27488,-124 19.73520,49.30458,-123.67108
375.78,58.73,12.33,1011.14,17.73,49 18.27292 -124 19.76824,49 18.27292,-124 19.76824,49.30455,-123.67053
378.22,58.72,12.35,1011.04,18.78,49 18.27220 -124 19.80193,49 18.27220,-124 19.80193,49.30454,-123.66997
378.22,58.71,12.35,1010.89,19.89,49 18.27258 -124 19.83567,49 18.27258,-124 19.83567,49.30454,-123.66941
378.22,58.7,12.36,1010.81,20.19,49 18.27321 -124 19.86956,49 18.27321,-124 19.86956,49.30455,-123.66884
375.78,58.69,12.37,1010.81,20.32,49 18.27410 -124 19.90304,49 18.27410,-124 19.90304,49.30457,-123.66828
378.22,58.65,12.37,1010.73,20.84,49 18.27476 -124 19.93578,49 18.27476,-124 19.93578,49.30458,-123.66774
378.22,58.64,12.38,1010.69,21.21,49 18.27541 -124 19.96849,49 18.27541,-124 19.96849,49.30459,-123.66719
378.22,58.66,12.39,1010.66,21.55,49 18.27621 -124 20.01711,49 18.27621,-124 20.01711,49.3046,-123.66638
378.22,58.66,12.39,1010.65,21.46,49 18.27644 -124 20.04918,49 18.27644,-124 20.04918,49.30461,-123.66585
378.22,58.68,12.4,1010.6,21.83,49 18.27687 -124 20.08129,49 18.27687,-124 20.08129,49.30461,-123.66531
378.22,58.72,12.4,1010.62,22.27,49 18.27725 -124 20.11391,49 18.27725,-124 20.11391,49.30462,-123.66477
378.22,58.74,12.41,1010.55,22.12,49 18.27717 -124 20.14720,49 18.27717,-124 20.14720,49.30462,-123.66421
378.22,58.72,12.42,1010.51,23.17,49 18.27605 -124 20.18024,49 18.27605,-124 20.18024,49.3046,-123.66366
378.22,58.79,12.43,1010.5,23.14,49 18.27501 -124 20.21310,49 18.27501,-124 20.21310,49.30458,-123.66312
378.22,58.91,12.45,1010.45,23.07,49 18.27457 -124 20.24631,49 18.27457,-124 20.24631,49.30458,-123.66256
378.22,58.97,12.46,1010.36,23.83,49 18.27489 -124 20.28011,49 18.27489,-124 20.28011,49.30458,-123.662
378.22,59.09,12.47,1010.41,23.61,49 18.27534 -124 20.33086,49 18.27534,-124 20.33086,49.30459,-123.66115
378.22,59.08,12.48,1010.45,23.46,49 18.27562 -124 20.36472,49 18.27562,-124 20.36472,49.30459,-123.66059
378.22,59.03,12.49,1010.5,22.47,49 18.27592 -124 20.39853,49 18.27592,-124 20.39853,49.3046,-123.66002
378.22,59.01,12.5,1010.64,21.95,49 18.27623 -124 20.43229,49 18.27623,-124 20.43229,49.3046,-123.65946
378.22,59.01,12.51,1010.7,20.84,49 18.27657 -124 20.46508,49 18.27657,-124 20.46508,49.30461,-123.65892
378.22,59.04,12.52,1010.72,20.41,49 18.27699 -124 20.49741,49 18.27699,-124 20.49741,49.30462,-123.65838
378.22,59.08,12.52,1010.8,21.44,49 18.27745 -124 20.52972,49 18.27745,-124 20.52972,49.30462,-123.65784
378.22,59.1,12.53,1010.76,20.78,49 18.27788 -124 20.56179,49 18.27788,-124 20.56179,49.30463,-123.6573
378.22,59.09,12.55,1010.66,21.59,49 18.27844 -124 20.60952,49 18.27844,-124 20.60952,49.30464,-123.65651
378.22,59.08,12.56,1010.56,22.34,49 18.27884 -124 20.64159,49 18.27884,-124 20.64159,49.30465,-123.65597
378.22,59.05,12.57,1010.43,23.39,49 18.27931 -124 20.67364,49 18.27931,-124 20.67364,49.30466,-123.65544
378.22,59.02,12.58,1010.38,24.08,49 18.27975 -124 20.70555,49 18.27975,-124 20.70555,49.30466,-123.65491
378.22,59,12.58,1010.31,25,49 18.28009 -124 20.73748,49 18.28009,-124 20.73748,49.30467,-123.65438
378.22,58.96,12.59,1010.15,25.75,49 18.28042 -124 20.76911,49 18.28042,-124 20.76911,49.30467,-123.65385
378.22,58.93,12.6,1010.11,26.35,49 18.28085 -124 20.80043,49 18.28085,-124 20.80043,49.30468,-123.65333
378.22,58.95,12.6,1010.04,26.83,49 18.28136 -124 20.83190,49 18.28136,-124 20.83190,49.30469,-123.6528
378.22,58.93,12.62,1009.96,27.56,49 18.28315 -124 20.88044,49 18.28315,-124 20.88044,49.30472,-123.65199
375.78,58.89,12.62,1009.91,28.33,49 18.28572 -124 20.91362,49 18.28572,-124 20.91362,49.30476,-123.65144
378.22,58.86,12.64,1009.71,28.81,49 18.28906 -124 20.94700,49 18.28906,-124 20.94700,49.30482,-123.65088
375.78,58.86,12.65,1009.79,29.56,49 18.29338 -124 20.98039,49 18.29338,-124 20.98039,49.30489,-123.65033
378.22,58.87,12.67,1009.71,29.65,49 18.29856 -124 21.01314,49 18.29856,-124 21.01314,49.30498,-123.64978
378.22,58.92,12.67,1009.63,30.03,49 18.30367 -124 21.04565,49 18.30367,-124 21.04565,49.30506,-123.64924
375.78,58.92,12.69,1009.63,30.41,49 18.30867 -124 21.07799,49 18.30867,-124 21.07799,49.30514,-123.6487
375.78,58.91,12.7,1009.63,30.36,49 18.31390 -124 21.11005,49 18.31390,-124 21.11005,49.30523,-123.64817
375.78,58.92,12.72,1009.57,30.68,49 18.31908 -124 21.14197,49 18.31908,-124 21.14197,49.30532,-123.64763
375.78,58.91,12.73,1009.53,31.23,49 18.32667 -124 21.19034,49 18.32667,-124 21.19034,49.30544,-123.64683
375.78,58.91,12.74,1009.51,31.39,49 18.33114 -124 21.22267,49 18.33114,-124 21.22267,49.30552,-123.64629
375.78,58.89,12.75,1009.46,31.51,49 18.33507 -124 21.25446,49 18.33507,-124 21.25446,49.30558,-123.64576
375.78,58.84,12.76,1009.43,31.41,49 18.33850 -124 21.28509,49 18.33850,-124 21.28509,49.30564,-123.64525
375.78,58.79,12.77,1009.43,31.71,49 18.34139 -124 21.31371,49 18.34139,-124 21.31371,49.30569,-123.64477
375.78,58.76,12.78,1009.49,31.49,49 18.34340 -124 21.33982,49 18.34340,-124 21.33982,49.30572,-123.64434
375.78,58.77,12.79,1009.53,31.04,49 18.34486 -124 21.36040,49 18.34486,-124 21.36040,49.30575,-123.64399
375.78,58.76,12.8,1009.57,30.65,49 18.34549 -124 21.37519,49 18.34549,-124 21.37519,49.30576,-123.64375
375.78,58.71,12.81,1009.58,30.22,49 18.34038 -124 21.38610,49 18.34038,-124 21.38610,49.30567,-123.64357
375.78,58.63,12.83,1009.59,30.47,49 18.33403 -124 21.38800,49 18.33403,-124 21.38800,49.30557,-123.64353
375.78,58.61,12.84,1009.57,30.74,49 18.32522 -124 21.38897,49 18.32522,-124 21.38897,49.30542,-123.64352
375.78,58.6,12.86,1009.54,30.95,49 18.31521 -124 21.38957,49 18.31521,-124 21.38957,49.30525,-123.64351
375.78,58.58,12.87,1009.5,31.27,49 18.30483 -124 21.38992,49 18.30483,-124 21.38992,49.30508,-123.6435
375.78,58.54,12.88,1009.45,31.91,49 18.29421 -124 21.39042,49 18.29421,-124 21.39042,49.3049,-123.64349
375.78,58.49,12.89,1009.35,32.94,49 18.28333 -124 21.39107,49 18.28333,-124 21.39107,49.30472,-123.64348
375.78,58.41,12.94,1009.25,33.47,49 18.27227 -124 21.39197,49 18.27227,-124 21.39197,49.30454,-123.64347
375.78,58.22,12.97,1009.22,33.85,49 18.25608 -124 21.39338,49 18.25608,-124 21.39338,49.30427,-123.64344
375.78,57.86,13,1009.21,33.68,49 18.24591 -124 21.39561,49 18.24591,-124 21.39561,49.3041,-123.64341
375.78,57.58,13.04,1009.21,33.82,49 18.23633 -124 21.39985,49 18.23633,-124 21.39985,49.30394,-123.64334
375.78,57.48,13.09,1009.26,33,49 18.22737 -124 21.40521,49 18.22737,-124 21.40521,49.30379,-123.64325
375.78,57.45,13.12,1009.33,32.22,49 18.21770 -124 21.40919,49 18.21770,-124 21.40919,49.30363,-123.64318
375.78,57.4,13.14,1009.32,33.03,49 18.20775 -124 21.41327,49 18.20775,-124 21.41327,49.30346,-123.64311
375.78,57.31,13.16,1009.31,32.86,49 18.19760 -124 21.41600,49 18.19760,-124 21.41600,49.30329,-123.64307
375.78,57.25,13.18,1009.3,32.83,49 18.18771 -124 21.41567,49 18.18771,-124 21.41567,49.30313,-123.64307
375.78,57.23,13.2,1009.33,32.82,49 18.17266 -124 21.40686,49 18.17266,-124 21.40686,49.30288,-123.64322
375.78,57.27,13.21,1009.28,33.18,49 18.16261 -124 21.39942,49 18.16261,-124 21.39942,49.30271,-123.64334
375.78,57.38,13.23,1009.21,33.68,49 18.15270 -124 21.39208,49 18.15270,-124 21.39208,49.30255,-123.64347
375.78,57.4,13.25,1009.21,33.7,49 18.14192 -124 21.38398,49 18.14192,-124 21.38398,49.30237,-123.6436
375.78,57.52,13.27,1009.22,33.98,49 18.13253 -124 21.37651,49 18.13253,-124 21.37651,49.30221,-123.64372
375.78,57.61,13.28,1009.23,33.42,49 18.12509 -124 21.36785,49 18.12509,-124 21.36785,49.30208,-123.64387
375.78,57.58,13.29,1009.32,32.59,49 18.12131 -124 21.35734,49 18.12131,-124 21.35734,49.30202,-123.64404
375.78,57.57,13.3,1009.33,32.72,49 18.12046 -124 21.34334,49 18.12046,-124 21.34334,49.30201,-123.64428
375.78,57.58,13.32,1009.46,31.66,49 18.11796 -124 21.29527,49 18.11796,-124 21.29527,49.30197,-123.64508
375.78,57.63,13.36,1009.62,30.06,49 18.11682 -124 21.27782,49 18.11682,-124 21.27782,49.30195,-123.64537
375.78,57.7,13.39,1009.63,29.98,49 18.11401 -124 21.26554,49 18.11401,-124 21.26554,49.3019,-123.64557
375.78,57.88,13.42,1009.64,29.89,49 18.10679 -124 21.25656,49 18.10679,-124 21.25656,49.30178,-123.64572
375.78,57.63,13.46,1009.65,30.01,49 18.09907 -124 21.25506,49 18.09907,-124 21.25506,49.30165,-123.64575
41.24,,,,,,,,,
41.23,,,,,,,,,
41.21,,,,,,,,,
41.18,,,,,,,,,
41.16,,,,,,,,,
41.13,,,,,,,,,
41.1,,,,,,,,,
41.07,,,,,,,,,
41.05,,,,,,,,,
41.02,,,,,,,,,
41,,,,,,,,,
40.98,,,,,,,,,
40.97,,,,,,,,,
40.95,,,,,,,,,
40.97,,,,,,,,,
40.99,,,,,,,,,
41.01,,,,,,,,,
41.15,,,,,,,,,
41.25,,,,,,,,,
41.27,,,,,,,,,
41.3,,,,,,,,,
41.34,,,,,,,,,
41.34,,,,,,,,,
41.34,,,,,,,,,
41.32,,,,,,,,,
41.27,,,,,,,,,
41.24,,,,,,,,,
41.2,,,,,,,,,
41.18,,,,,,,,,
41.16,,,,,,,,,
41.13,,,,,,,,,
41.11,,,,,,,,,
41.09,,,,,,,,,
41.06,,,,,,,,,
41.21,,,,,,,,,
41.23,,,,,,,,,
41.39,,,,,,,,,
41.42,,,,,,,,,
41.24,,,,,,,,,
41.15,,,,,,,,,
40.76,,,,,,,,,
39.71,,,,,,,,,
39.45,,,,,,,,,
39.19,,,,,,,,,
39.03,,,,,,,,,
39.04,,,,,,,,,
39.09,,,,,,,,,
39.31,,,,,,,,,
39.65,,,,,,,,,
39.97,,,,,,,,,
40.53,,,,,,,,,
40.74,,,,,,,,,
40.88,,,,,,,,,
41.03,,,,,,,,,
41.3,,,,,,,,,
41.65,,,,,,,,,
42.03,,,,,,,,,
42.21,,,,,,,,,
42.49,,,,,,,,,
42.91,,,,,,,,,
43.21,,,,,,,,,
43.39,,,,,,,,,
43.64,,,,,,,,,
43.84,,,,,,,,,
44.05,,,,,,,,,
44.25,,,,,,,,,
44.38,,,,,,,,,
44.49,,,,,,,,,
44.59,,,,,,,,,
44.66,,,,,,,,,
44.79,,,,,,,,,
44.91,,,,,,,,,
45.04,,,,,,,,,
45.26,,,,,,,,,
45.4,,,,,,,,,
45.51,,,,,,,,,
45.58,,,,,,,,,
45.76,,,,,,,,,
45.92,,,,,,,,,
46.07,,,,,,,,,
46.14,,,,,,,,,
46.23,,,,,,,,,
46.32,,,,,,,,,
46.43,,,,,,,,,
46.48,,,,,,,,,
46.56,,,,,,,,,
46.72,,,,,,,,,
46.82,,,,,,,,,
46.91,,,,,,,,,
47.01,,,,,,,,,
47.13,,,,,,,,,
47.17,,,,,,,,,
47.23,,,,,,,,,
47.33,,,,,,,,,
47.53,,,,,,,,,
47.69,,,,,,,,,
47.85,,,,,,,,,
47.98,,,,,,,,,
48.14,,,,,,,,,
48.35,,,,,,,,,
48.57,,,,,,,,,
48.73,,,,,,,,,
48.88,,,,,,,,,
49.03,,,,,,,,,
49.26,,,,,,,,,
49.43,,,,,,,,,
49.61,,,,,,,,,
49.8,,,,,,,,,
49.92,,,,,,,,,
50.05,,,,,,,,,
50.24,,,,,,,,,
50.55,,,,,,,,,
50.8,,,,,,,,,
50.95,,,,,,,,,
51.04,,,,,,,,,
51.1,,,,,,,,,
51.18,,,,,,,,,
51.36,,,,,,,,,
51.49,,,,,,,,,
51.73,,,,,,,,,
51.92,,,,,,,,,
51.98,,,,,,,,,
52.05,,,,,,,,,
52.13,,,,,,,,,
52.28,,,,,,,,,
52.37,,,,,,,,,
52.38,,,,,,,,,
52.4,,,,,,,,,
52.38,,,,,,,,,
52.56,,,,,,,,,
52.63,,,,,,,,,
52.82,,,,,,,,,
52.88,,,,,,,,,
52.95,,,,,,,,,
52.97,,,,,,,,,
53.01,,,,,,,,,
53.2,,,,,,,,,
53.44,,,,,,,,,
53.65,,,,,,,,,
53.7,,,,,,,,,
53.76,,,,,,,,,
53.97,,,,,,,,,
54.1,,,,,,,,,
54.09,,,,,,,,,
54.13,,,,,,,,,
54.29,,,,,,,,,
54.42,,,,,,,,,
54.64,,,,,,,,,
54.99,,,,,,,,,
55.11,,,,,,,,,
55.24,,,,,,,,,
55.36,,,,,,,,,
55.71,,,,,,,,,
55.97,,,,,,,,,
56.16,,,,,,,,,
56.16,,,,,,,,,
59.34,,,,,,,,,
61.16,,,,,,,,,
61.08,,,,,,,,,
61.5,,,,,,,,,
61.47,,,,,,,,,
61.15,,,,,,,,,
60.64,,,,,,,,,
60.05,,,,,,,,,
59.49,,,,,,,,,
59.24,,,,,,,,,
59.13,,,,,,,,,
59.8,,,,,,,,,
61.04,,,,,,,,,
61.73,,,,,,,,,
61.39,,,,,,,,,
60.65,,,,,,,,,
60.11,,,,,,,,,
59.84,,,,,,,,,
59.7,,,,,,,,,
59.61,,,,,,,,,
59.44,,,,,,,,,
59.25,,,,,,,,,
59.09,,,,,,,,,
58.92,,,,,,,,,
58.82,,,,,,,,,
58.67,,,,,,,,,
58.55,,,,,,,,,
58.41,,,,,,,,,
58.34,,,,,,,,,
58.38,,,,,,,,,
58.55,,,,,,,,,
58.64,,,,,,,,,
58.63,,,,,,,,,
58.9,,,,,,,,,
58.97,,,,,,,,,
58.99,,,,,,,,,
58.99,,,,,,,,,
59.02,,,,,,,,,
59.01,,,,,,,,,
59.01,,,,,,,,,
58.97,,,,,,,,,
58.93,,,,,,,,,
58.78,,,,,,,,,
58.69,,,,,,,,,
58.6,,,,,,,,,
58.55,,,,,,,,,
58.52,,,,,,,,,
58.48,,,,,,,,,
58.46,,,,,,,,,
58.45,,,,,,,,,
58.45,,,,,,,,,
58.43,,,,,,,,,
58.39,,,,,,,,,
58.38,,,,,,,,,
58.38,,,,,,,,,
58.35,,,,,,,,,
58.3,,,,,,,,,
58.27,,,,,,,,,
58.25,,,,,,,,,
58.23,,,,,,,,,
58.21,,,,,,,,,
58.23,,,,,,,,,
58.77,,,,,,,,,
58.94,,,,,,,,,
58.97,,,,,,,,,
58.93,,,,,,,,,
58.85,,,,,,,,,
58.79,,,,,,,,,
58.75,,,,,,,,,
58.72,,,,,,,,,
58.72,,,,,,,,,
58.74,,,,,,,,,
58.96,,,,,,,,,
59.05,,,,,,,,,
59.01,,,,,,,,,
59,,,,,,,,,
58.98,,,,,,,,,
58.93,,,,,,,,,
58.86,,,,,,,,,
58.79,,,,,,,,,
58.72,,,,,,,,,
58.69,,,,,,,,,
58.64,,,,,,,,,
58.61,,,,,,,,,
58.6,,,,,,,,,
58.61,,,,,,,,,
58.61,,,,,,,,,
58.63,,,,,,,,,
58.7,,,,,,,,,
58.72,,,,,,,,,
58.64,,,,,,,,,
58.56,,,,,,,,,
58.53,,,,,,,,,
58.59,,,,,,,,,
58.67,,,,,,,,,
58.71,,,,,,,,,
58.73,,,,,,,,,
58.72,,,,,,,,,
58.71,,,,,,,,,
58.7,,,,,,,,,
58.69,,,,,,,,,
58.65,,,,,,,,,
58.64,,,,,,,,,
58.66,,,,,,,,,
58.66,,,,,,,,,
58.68,,,,,,,,,
58.72,,,,,,,,,
58.74,,,,,,,,,
58.72,,,,,,,,,
58.79,,,,,,,,,
58.91,,,,,,,,,
58.97,,,,,,,,,
59.09,,,,,,,,,
59.08,,,,,,,,,
59.03,,,,,,,,,
59.01,,,,,,,,,
59.01,,,,,,,,,
59.04,,,,,,,,,
59.08,,,,,,,,,
59.1,,,,,,,,,
59.09,,,,,,,,,
59.08,,,,,,,,,
59.05,,,,,,,,,
59.02,,,,,,,,,
59,,,,,,,,,
58.96,,,,,,,,,
58.93,,,,,,,,,
58.95,,,,,,,,,
58.93,,,,,,,,,
58.89,,,,,,,,,
58.86,,,,,,,,,
58.86,,,,,,,,,
58.87,,,,,,,,,
58.92,,,,,,,,,
58.92,,,,,,,,,
58.91,,,,,,,,,
58.92,,,,,,,,,
58.91,,,,,,,,,
58.91,,,,,,,,,
58.89,,,,,,,,,
58.84,,,,,,,,,
58.79,,,,,,,,,
58.76,,,,,,,,,
58.77,,,,,,,,,
58.76,,,,,,,,,
58.71,,,,,,,,,
58.63,,,,,,,,,
58.61,,,,,,,,,
58.6,,,,,,,,,
58.58,,,,,,,,,
58.54,,,,,,,,,
58.49,,,,,,,,,
58.41,,,,,,,,,
58.22,,,,,,,,,
57.86,,,,,,,,,
57.58,,,,,,,,,
57.48,,,,,,,,,
57.45,,,,,,,,,
57.4,,,,,,,,,
57.31,,,,,,,,,
57.25,,,,,,,,,
57.23,,,,,,,,,
57.27,,,,,,,,,
57.38,,,,,,,,,
57.4,,,,,,,,,
57.52,,,,,,,,,
57.61,,,,,,,,,
57.58,,,,,,,,,
57.57,,,,,,,,,
57.58,,,,,,,,,
57.63,,,,,,,,,
57.7,,,,,,,,,
57.88,,,,,,,,,
57.63,,,,,,,,,
57.43,,,,,,,,,
18.33,,,,,,,,,
18.33,,,,,,,,,
18.33,,,,,,,,,
18.33,,,,,,,,,
18.34,,,,,,,,,
18.34,,,,,,,,,
18.34,,,,,,,,,
18.34,,,,,,,,,
18.34,,,,,,,,,
18.34,,,,,,,,,
18.35,,,,,,,,,
18.35,,,,,,,,,
18.35,,,,,,,,,
18.36,,,,,,,,,
18.36,,,,,,,,,
18.36,,,,,,,,,
18.36,,,,,,,,,
18.37,,,,,,,,,
18.38,,,,,,,,,
18.38,,,,,,,,,
18.39,,,,,,,,,
18.39,,,,,,,,,
18.4,,,,,,,,,
18.4,,,,,,,,,
18.4,,,,,,,,,
18.4,,,,,,,,,
18.4,,,,,,,,,
18.41,,,,,,,,,
18.41,,,,,,,,,
18.41,,,,,,,,,
18.41,,,,,,,,,
18.41,,,,,,,,,
18.41,,,,,,,,,
18.42,,,,,,,,,
18.41,,,,,,,,,
18.42,,,,,,,,,
18.43,,,,,,,,,
18.43,,,,,,,,,
18.43,,,,,,,,,
18.43,,,,,,,,,
18.38,,,,,,,,,
18.27,,,,,,,,,
18.17,,,,,,,,,
18.05,,,,,,,,,
17.91,,,,,,,,,
17.77,,,,,,,,,
17.62,,,,,,,,,
17.45,,,,,,,,,
17.24,,,,,,,,,
17.04,,,,,,,,,
16.84,,,,,,,,,
16.62,,,,,,,,,
16.47,,,,,,,,,
16.33,,,,,,,,,
16.15,,,,,,,,,
15.97,,,,,,,,,
15.85,,,,,,,,,
15.67,,,,,,,,,
15.42,,,,,,,,,
15.21,,,,,,,,,
15.1,,,,,,,,,
14.99,,,,,,,,,
14.84,,,,,,,,,
14.75,,,,,,,,,
14.66,,,,,,,,,
14.58,,,,,,,,,
14.51,,,,,,,,,
14.41,,,,,,,,,
14.35,,,,,,,,,
14.29,,,,,,,,,
14.22,,,,,,,,,
14.16,,,,,,,,,
14.11,,,,,,,,,
14.05,,,,,,,,,
14,,,,,,,,,
13.95,,,,,,,,,
13.88,,,,,,,,,
13.84,,,,,,,,,
13.79,,,,,,,,,
13.73,,,,,,,,,
13.69,,,,,,,,,
13.64,,,,,,,,,
13.59,,,,,,,,,
13.55,,,,,,,,,
13.5,,,,,,,,,
13.44,,,,,,,,,
13.4,,,,,,,,,
13.36,,,,,,,,,
13.31,,,,,,,,,
13.27,,,,,,,,,
13.24,,,,,,,,,
13.2,,,,,,,,,
13.17,,,,,,,,,
13.13,,,,,,,,,
13.08,,,,,,,,,
13.03,,,,,,,,,
12.99,,,,,,,,,
12.95,,,,,,,,,
12.92,,,,,,,,,
12.88,,,,,,,,,
12.85,,,,,,,,,
12.82,,,,,,,,,
12.79,,,,,,,,,
12.74,,,,,,,,,
12.71,,,,,,,,,
12.68,,,,,,,,,
12.65,,,,,,,,,
12.62,,,,,,,,,
12.6,,,,,,,,,
12.55,,,,,,,,,
12.52,,,,,,,,,
12.5,,,,,,,,,
12.47,,,,,,,,,
12.44,,,,,,,,,
12.43,,,,,,,,,
12.4,,,,,,,,,
12.37,,,,,,,,,
12.34,,,,,,,,,
12.31,,,,,,,,,
12.28,,,,,,,,,
12.26,,,,,,,,,
12.23,,,,,,,,,
12.2,,,,,,,,,
12.18,,,,,,,,,
12.16,,,,,,,,,
12.14,,,,,,,,,
12.12,,,,,,,,,
12.09,,,,,,,,,
11.89,,,,,,,,,
12.03,,,,,,,,,
12.01,,,,,,,,,
11.98,,,,,,,,,
11.95,,,,,,,,,
11.94,,,,,,,,,
11.93,,,,,,,,,
11.91,,,,,,,,,
11.89,,,,,,,,,
11.87,,,,,,,,,
11.85,,,,,,,,,
11.83,,,,,,,,,
11.82,,,,,,,,,
11.81,,,,,,,,,
11.79,,,,,,,,,
11.78,,,,,,,,,
11.77,,,,,,,,,
11.76,,,,,,,,,
11.75,,,,,,,,,
11.74,,,,,,,,,
11.73,,,,,,,,,
11.73,,,,,,,,,
11.72,,,,,,,,,
11.72,,,,,,,,,
11.71,,,,,,,,,
11.71,,,,,,,,,
11.7,,,,,,,,,
11.7,,,,,,,,,
11.71,,,,,,,,,
11.71,,,,,,,,,
11.72,,,,,,,,,
11.73,,,,,,,,,
11.73,,,,,,,,,
11.73,,,,,,,,,
11.74,,,,,,,,,
11.74,,,,,,,,,
11.74,,,,,,,,,
11.74,,,,,,,,,
11.74,,,,,,,,,
11.75,,,,,,,,,
11.76,,,,,,,,,
11.76,,,,,,,,,
11.77,,,,,,,,,
11.77,,,,,,,,,
11.78,,,,,,,,,
11.78,,,,,,,,,
11.78,,,,,,,,,
11.78,,,,,,,,,
11.78,,,,,,,,,
11.78,,,,,,,,,
11.79,,,,,,,,,
11.8,,,,,,,,,
11.8,,,,,,,,,
11.81,,,,,,,,,
11.8,,,,,,,,,
11.81,,,,,,,,,
11.81,,,,,,,,,
11.82,,,,,,,,,
11.83,,,,,,,,,
11.83,,,,,,,,,
11.84,,,,,,,,,
11.84,,,,,,,,,
11.85,,,,,,,,,
11.85,,,,,,,,,
11.86,,,,,,,,,
11.86,,,,,,,,,
11.87,,,,,,,,,
11.88,,,,,,,,,
11.88,,,,,,,,,
11.89,,,,,,,,,
11.89,,,,,,,,,
11.9,,,,,,,,,
11.91,,,,,,,,,
11.92,,,,,,,,,
11.92,,,,,,,,,
11.92,,,,,,,,,
11.93,,,,,,,,,
11.93,,,,,,,,,
11.94,,,,,,,,,
11.95,,,,,,,,,
11.95,,,,,,,,,
11.96,,,,,,,,,
11.96,,,,,,,,,
11.96,,,,,,,,,
11.97,,,,,,,,,
11.98,,,,,,,,,
11.99,,,,,,,,,
11.99,,,,,,,,,
12,,,,,,,,,
12,,,,,,,,,
12.03,,,,,,,,,
12.03,,,,,,,,,
12.05,,,,,,,,,
12.05,,,,,,,,,
12.06,,,,,,,,,
12.07,,,,,,,,,
12.08,,,,,,,,,
12.09,,,,,,,,,
12.1,,,,,,,,,
12.1,,,,,,,,,
12.11,,,,,,,,,
12.12,,,,,,,,,
12.14,,,,,,,,,
12.15,,,,,,,,,
12.15,,,,,,,,,
12.16,,,,,,,,,
12.17,,,,,,,,,
12.18,,,,,,,,,
12.18,,,,,,,,,
12.19,,,,,,,,,
12.2,,,,,,,,,
12.2,,,,,,,,,
12.21,,,,,,,,,
12.21,,,,,,,,,
12.22,,,,,,,,,
12.23,,,,,,,,,
12.24,,,,,,,,,
12.25,,,,,,,,,
12.27,,,,,,,,,
12.28,,,,,,,,,
12.29,,,,,,,,,
12.3,,,,,,,,,
12.32,,,,,,,,,
12.32,,,,,,,,,
12.33,,,,,,,,,
12.35,,,,,,,,,
12.35,,,,,,,,,
12.36,,,,,,,,,
12.37,,,,,,,,,
12.37,,,,,,,,,
12.38,,,,,,,,,
12.39,,,,,,,,,
12.39,,,,,,,,,
12.4,,,,,,,,,
12.4,,,,,,,,,
12.41,,,,,,,,,
12.42,,,,,,,,,
12.43,,,,,,,,,
12.45,,,,,,,,,
12.46,,,,,,,,,
12.47,,,,,,,,,
12.48,,,,,,,,,
12.49,,,,,,,,,
12.5,,,,,,,,,
12.51,,,,,,,,,
12.52,,,,,,,,,
12.52,,,,,,,,,
12.53,,,,,,,,,
12.55,,,,,,,,,
12.56,,,,,,,,,
12.57,,,,,,,,,
12.58,,,,,,,,,
12.58,,,,,,,,,
12.59,,,,,,,,,
12.6,,,,,,,,,
12.6,,,,,,,,,
12.62,,,,,,,,,
12.62,,,,,,,,,
12.64,,,,,,,,,
12.65,,,,,,,,,
12.67,,,,,,,,,
12.67,,,,,,,,,
12.69,,,,,,,,,
12.7,,,,,,,,,
12.72,,,,,,,,,
12.73,,,,,,,,,
12.74,,,,,,,,,
12.75,,,,,,,,,
12.76,,,,,,,,,
12.77,,,,,,,,,
12.78,,,,,,,,,
12.79,,,,,,,,,
12.8,,,,,,,,,
12.81,,,,,,,,,
12.83,,,,,,,,,
12.84,,,,,,,,,
12.86,,,,,,,,,
12.87,,,,,,,,,
12.88,,,,,,,,,
12.89,,,,,,,,,
12.94,,,,,,,,,
12.97,,,,,,,,,
13,,,,,,,,,
13.04,,,,,,,,,
13.09,,,,,,,,,
13.12,,,,,,,,,
13.14,,,,,,,,,
13.16,,,,,,,,,
13.18,,,,,,,,,
13.2,,,,,,,,,
13.21,,,,,,,,,
13.23,,,,,,,,,
13.25,,,,,,,,,
13.27,,,,,,,,,
13.28,,,,,,,,,
13.29,,,,,,,,,
13.3,,,,,,,,,
13.32,,,,,,,,,
13.36,,,,,,,,,
13.39,,,,,,,,,
13.42,,,,,,,,,
13.46,,,,,,,,,
13.47,,,,,,,,,
1020.24,,,,,,,,,
1020.21,,,,,,,,,
1020.25,,,,,,,,,
1020.21,,,,,,,,,
1020.23,,,,,,,,,
1020.23,,,,,,,,,
1020.22,,,,,,,,,
1020.19,,,,,,,,,
1020.14,,,,,,,,,
1020.19,,,,,,,,,
1020.23,,,,,,,,,
1020.22,,,,,,,,,
1020.2,,,,,,,,,
1020.23,,,,,,,,,
1020.19,,,,,,,,,
1020.2,,,,,,,,,
1020.21,,,,,,,,,
1020.22,,,,,,,,,
1020.22,,,,,,,,,
1020.2,,,,,,,,,
1020.23,,,,,,,,,
1020.23,,,,,,,,,
1020.19,,,,,,,,,
1020.19,,,,,,,,,
1020.21,,,,,,,,,
1020.21,,,,,,,,,
1020.22,,,,,,,,,
1020.23,,,,,,,,,
1020.22,,,,,,,,,
1020.21,,,,,,,,,
1020.21,,,,,,,,,
1020.22,,,,,,,,,
1020.19,,,,,,,,,
1020.19,,,,,,,,,
1020.16,,,,,,,,,
1020.13,,,,,,,,,
1020.18,,,,,,,,,
1020.16,,,,,,,,,
1020.15,,,,,,,,,
1020.18,,,,,,,,,
1020.21,,,,,,,,,
1020.19,,,,,,,,,
1020.15,,,,,,,,,
1020.13,,,,,,,,,
1020.09,,,,,,,,,
1020.06,,,,,,,,,
1020.07,,,,,,,,,
1020.03,,,,,,,,,
1020.02,,,,,,,,,
1020.06,,,,,,,,,
1020.04,,,,,,,,,
1020.04,,,,,,,,,
1020.04,,,,,,,,,
1020,,,,,,,,,
1020.04,,,,,,,,,
1020.03,,,,,,,,,
1020.01,,,,,,,,,
1020.01,,,,,,,,,
1020.02,,,,,,,,,
1020.02,,,,,,,,,
1020.02,,,,,,,,,
1020.06,,,,,,,,,
1020.03,,,,,,,,,
1020.03,,,,,,,,,
1020.04,,,,,,,,,
1020.05,,,,,,,,,
1020.05,,,,,,,,,
1020.04,,,,,,,,,
1020.07,,,,,,,,,
1020.05,,,,,,,,,
1020.06,,,,,,,,,
1020.05,,,,,,,,,
1020.07,,,,,,,,,
1020.09,,,,,,,,,
1020.1,,,,,,,,,
1020.06,,,,,,,,,
1020.07,,,,,,,,,
1020.09,,,,,,,,,
1020.06,,,,,,,,,
1020.05,,,,,,,,,
1020.06,,,,,,,,,
1020.03,,,,,,,,,
1020.04,,,,,,,,,
1020.06,,,,,,,,,
1020.01,,,,,,,,,
1020.04,,,,,,,,,
1020.07,,,,,,,,,
1020.04,,,,,,,,,
1020.02,,,,,,,,,
1020.07,,,,,,,,,
1020.05,,,,,,,,,
1020.05,,,,,,,,,
1020.07,,,,,,,,,
1020.07,,,,,,,,,
1020.07,,,,,,,,,
1020.09,,,,,,,,,
1020.05,,,,,,,,,
1020.03,,,,,,,,,
1020.03,,,,,,,,,
1020.11,,,,,,,,,
1020.07,,,,,,,,,
1020.05,,,,,,,,,
1020.04,,,,,,,,,
1020.06,,,,,,,,,
1020.08,,,,,,,,,
1020.08,,,,,,,,,
1020.11,,,,,,,,,
1020.1,,,,,,,,,
1020.12,,,,,,,,,
1020.08,,,,,,,,,
1020.1,,,,,,,,,
1020.09,,,,,,,,,
1020.05,,,,,,,,,
1020.1,,,,,,,,,
1020.06,,,,,,,,,
1020.07,,,,,,,,,
1020.07,,,,,,,,,
1020,,,,,,,,,
1020.06,,,,,,,,,
1020.05,,,,,,,,,
1020.04,,,,,,,,,
1020.05,,,,,,,,,
1020.08,,,,,,,,,
1020.07,,,,,,,,,
1020.05,,,,,,,,,
1020.07,,,,,,,,,
1020.11,,,,,,,,,
1020.08,,,,,,,,,
1020.08,,,,,,,,,
1020.11,,,,,,,,,
1020.12,,,,,,,,,
1020.08,,,,,,,,,
1020.1,,,,,,,,,
1020.09,,,,,,,,,
1020.09,,,,,,,,,
1020.08,,,,,,,,,
1020.08,,,,,,,,,
1020.12,,,,,,,,,
1020.1,,,,,,,,,
1020.08,,,,,,,,,
1020.17,,,,,,,,,
1020.29,,,,,,,,,
1020.29,,,,,,,,,
1020.28,,,,,,,,,
1020.26,,,,,,,,,
1020.29,,,,,,,,,
1020.27,,,,,,,,,
1020.28,,,,,,,,,
1020.26,,,,,,,,,
1020.27,,,,,,,,,
1020.25,,,,,,,,,
1020.26,,,,,,,,,
1020.26,,,,,,,,,
1020.24,,,,,,,,,
1020.25,,,,,,,,,
1020.27,,,,,,,,,
1020.24,,,,,,,,,
1020.27,,,,,,,,,
1020.36,,,,,,,,,
1020.33,,,,,,,,,
1020.36,,,,,,,,,
1020.36,,,,,,,,,
1020.36,,,,,,,,,
1020.34,,,,,,,,,
1020.27,,,,,,,,,
1020.15,,,,,,,,,
1020.04,,,,,,,,,
1019.98,,,,,,,,,
1019.95,,,,,,,,,
1019.93,,,,,,,,,
1019.94,,,,,,,,,
1019.91,,,,,,,,,
1019.87,,,,,,,,,
1019.93,,,,,,,,,
1020.01,,,,,,,,,
1020.02,,,,,,,,,
1020.05,,,,,,,,,
1020.01,,,,,,,,,
1019.87,,,,,,,,,
1019.73,,,,,,,,,
1019.59,,,,,,,,,
1019.44,,,,,,,,,
1019.36,,,,,,,,,
1019.21,,,,,,,,,
1019.11,,,,,,,,,
1018.97,,,,,,,,,
1018.83,,,,,,,,,
1018.72,,,,,,,,,
1018.62,,,,,,,,,
1018.53,,,,,,,,,
1018.44,,,,,,,,,
1018.28,,,,,,,,,
1018.16,,,,,,,,,
1018.08,,,,,,,,,
1017.96,,,,,,,,,
1017.86,,,,,,,,,
1017.73,,,,,,,,,
1017.61,,,,,,,,,
1017.51,,,,,,,,,
1017.44,,,,,,,,,
1017.34,,,,,,,,,
1017.26,,,,,,,,,
1017.24,,,,,,,,,
1017.16,,,,,,,,,
1017.18,,,,,,,,,
1017.17,,,,,,,,,
1017.2,,,,,,,,,
1017.21,,,,,,,,,
1017.21,,,,,,,,,
1017.18,,,,,,,,,
1017.22,,,,,,,,,
1017.19,,,,,,,,,
1017.19,,,,,,,,,
1017.19,,,,,,,,,
1017.23,,,,,,,,,
1017.2,,,,,,,,,
1017.22,,,,,,,,,
1017.21,,,,,,,,,
1017.22,,,,,,,,,
1017.2,,,,,,,,,
1017.18,,,,,,,,,
1017.15,,,,,,,,,
1017.07,,,,,,,,,
1017,,,,,,,,,
1016.84,,,,,,,,,
1016.7,,,,,,,,,
1016.55,,,,,,,,,
1016.39,,,,,,,,,
1016.2,,,,,,,,,
1016.04,,,,,,,,,
1015.81,,,,,,,,,
1015.77,,,,,,,,,
1015.56,,,,,,,,,
1015.41,,,,,,,,,
1015.19,,,,,,,,,
1015.03,,,,,,,,,
1014.78,,,,,,,,,
1014.72,,,,,,,,,
1014.58,,,,,,,,,
1014.43,,,,,,,,,
1014.2,,,,,,,,,
1013.97,,,,,,,,,
1013.67,,,,,,,,,
1013.37,,,,,,,,,
1013.16,,,,,,,,,
1012.94,,,,,,,,,
1012.65,,,,,,,,,
1012.41,,,,,,,,,
1012.14,,,,,,,,,
1011.95,,,,,,,,,
1011.67,,,,,,,,,
1011.35,,,,,,,,,
1011.14,,,,,,,,,
1011.04,,,,,,,,,
1010.89,,,,,,,,,
1010.81,,,,,,,,,
1010.81,,,,,,,,,
1010.73,,,,,,,,,
1010.69,,,,,,,,,
1010.66,,,,,,,,,
1010.65,,,,,,,,,
1010.6,,,,,,,,,
1010.62,,,,,,,,,
1010.55,,,,,,,,,
1010.51,,,,,,,,,
1010.5,,,,,,,,,
1010.45,,,,,,,,,
1010.36,,,,,,,,,
1010.41,,,,,,,,,
1010.45,,,,,,,,,
1010.5,,,,,,,,,
1010.64,,,,,,,,,
1010.7,,,,,,,,,
1010.72,,,,,,,,,
1010.8,,,,,,,,,
1010.76,,,,,,,,,
1010.66,,,,,,,,,
1010.56,,,,,,,,,
1010.43,,,,,,,,,
1010.38,,,,,,,,,
1010.31,,,,,,,,,
1010.15,,,,,,,,,
1010.11,,,,,,,,,
1010.04,,,,,,,,,
1009.96,,,,,,,,,
1009.91,,,,,,,,,
1009.71,,,,,,,,,
1009.79,,,,,,,,,
1009.71,,,,,,,,,
1009.63,,,,,,,,,
1009.63,,,,,,,,,
1009.63,,,,,,,,,
1009.57,,,,,,,,,
1009.53,,,,,,,,,
1009.51,,,,,,,,,
1009.46,,,,,,,,,
1009.43,,,,,,,,,
1009.43,,,,,,,,,
1009.49,,,,,,,,,
1009.53,,,,,,,,,
1009.57,,,,,,,,,
1009.58,,,,,,,,,
1009.59,,,,,,,,,
1009.57,,,,,,,,,
1009.54,,,,,,,,,
1009.5,,,,,,,,,
1009.45,,,,,,,,,
1009.35,,,,,,,,,
1009.25,,,,,,,,,
1009.22,,,,,,,,,
1009.21,,,,,,,,,
1009.21,,,,,,,,,
1009.26,,,,,,,,,
1009.33,,,,,,,,,
1009.32,,,,,,,,,
1009.31,,,,,,,,,
1009.3,,,,,,,,,
1009.33,,,,,,,,,
1009.28,,,,,,,,,
1009.21,,,,,,,,,
1009.21,,,,,,,,,
1009.22,,,,,,,,,
1009.23,,,,,,,,,
1009.32,,,,,,,,,
1009.33,,,,,,,,,
1009.46,,,,,,,,,
1009.62,,,,,,,,,
1009.63,,,,,,,,,
1009.64,,,,,,,,,
1009.65,,,,,,,,,
1009.62,,,,,,,,,
-58.04,,,,,,,,,
-58.02,,,,,,,,,
-57.73,,,,,,,,,
-57.99,,,,,,,,,
-57.81,,,,,,,,,
-57.8,,,,,,,,,
-57.79,,,,,,,,,
-57.91,,,,,,,,,
-57.82,,,,,,,,,
-57.83,,,,,,,,,
-57.71,,,,,,,,,
-57.7,,,,,,,,,
-57.79,,,,,,,,,
-57.8,,,,,,,,,
-57.77,,,,,,,,,
-57.87,,,,,,,,,
-58.03,,,,,,,,,
-57.83,,,,,,,,,
-57.7,,,,,,,,,
-57.72,,,,,,,,,
-57.58,,,,,,,,,
-57.71,,,,,,,,,
-58.08,,,,,,,,,
-57.79,,,,,,,,,
-57.96,,,,,,,,,
-57.86,,,,,,,,,
-58.1,,,,,,,,,
-57.81,,,,,,,,,
-57.71,,,,,,,,,
-57.72,,,,,,,,,
-57.58,,,,,,,,,
-57.82,,,,,,,,,
-57.71,,,,,,,,,
-57.45,,,,,,,,,
-57.29,,,,,,,,,
-57.43,,,,,,,,,
-57.47,,,,,,,,,
-57.38,,,,,,,,,
-57.45,,,,,,,,,
-57.6,,,,,,,,,
-57.68,,,,,,,,,
-57.36,,,,,,,,,
-57.31,,,,,,,,,
-57.06,,,,,,,,,
-56.77,,,,,,,,,
-56.51,,,,,,,,,
-56.62,,,,,,,,,
-56.48,,,,,,,,,
-56.44,,,,,,,,,
-56.31,,,,,,,,,
-56.69,,,,,,,,,
-56.5,,,,,,,,,
-56.19,,,,,,,,,
-55.93,,,,,,,,,
-56.36,,,,,,,,,
-56.36,,,,,,,,,
-56.32,,,,,,,,,
-56.17,,,,,,,,,
-56.01,,,,,,,,,
-56.09,,,,,,,,,
-56.25,,,,,,,,,
-56.32,,,,,,,,,
-56.29,,,,,,,,,
-56.38,,,,,,,,,
-56.59,,,,,,,,,
-56.59,,,,,,,,,
-56.58,,,,,,,,,
-56.32,,,,,,,,,
-56.5,,,,,,,,,
-56.3,,,,,,,,,
-56.54,,,,,,,,,
-56.67,,,,,,,,,
-56.62,,,,,,,,,
-56.68,,,,,,,,,
-56.75,,,,,,,,,
-56.7,,,,,,,,,
-56.41,,,,,,,,,
-56.59,,,,,,,,,
-56.5,,,,,,,,,
-56.46,,,,,,,,,
-56.44,,,,,,,,,
-56.54,,,,,,,,,
-56.45,,,,,,,,,
-56.52,,,,,,,,,
-56.32,,,,,,,,,
-56.48,,,,,,,,,
-56.79,,,,,,,,,
-56.43,,,,,,,,,
-56.58,,,,,,,,,
-56.33,,,,,,,,,
-56.52,,,,,,,,,
-56.81,,,,,,,,,
-56.49,,,,,,,,,
-56.45,,,,,,,,,
-56.26,,,,,,,,,
-56.63,,,,,,,,,
-56.48,,,,,,,,,
-56.36,,,,,,,,,
-56.36,,,,,,,,,
-56.73,,,,,,,,,
-56.67,,,,,,,,,
-56.79,,,,,,,,,
-56.53,,,,,,,,,
-56.72,,,,,,,,,
-56.53,,,,,,,,,
-56.9,,,,,,,,,
-56.87,,,,,,,,,
-56.73,,,,,,,,,
-56.77,,,,,,,,,
-56.68,,,,,,,,,
-56.76,,,,,,,,,
-56.65,,,,,,,,,
-56.52,,,,,,,,,
-56.76,,,,,,,,,
-56.81,,,,,,,,,
-56.55,,,,,,,,,
-56.51,,,,,,,,,
-56.57,,,,,,,,,
-56.51,,,,,,,,,
-56.56,,,,,,,,,
-56.73,,,,,,,,,
-56.73,,,,,,,,,
-56.43,,,,,,,,,
-56.94,,,,,,,,,
-56.72,,,,,,,,,
-56.57,,,,,,,,,
-56.99,,,,,,,,,
-56.86,,,,,,,,,
-56.8,,,,,,,,,
-56.73,,,,,,,,,
-56.79,,,,,,,,,
-56.83,,,,,,,,,
-57.07,,,,,,,,,
-56.81,,,,,,,,,
-56.77,,,,,,,,,
-56.81,,,,,,,,,
-56.69,,,,,,,,,
-57.16,,,,,,,,,
-56.65,,,,,,,,,
-56.76,,,,,,,,,
-57.55,,,,,,,,,
-56.43,,,,,,,,,
-58.39,,,,,,,,,
-58.4,,,,,,,,,
-58.09,,,,,,,,,
-58.34,,,,,,,,,
-58.3,,,,,,,,,
-58.39,,,,,,,,,
-58.23,,,,,,,,,
-58.36,,,,,,,,,
-57.97,,,,,,,,,
-58.1,,,,,,,,,
-58.24,,,,,,,,,
-58.14,,,,,,,,,
-58.14,,,,,,,,,
-58.21,,,,,,,,,
-58.37,,,,,,,,,
-58.44,,,,,,,,,
-58.86,,,,,,,,,
-58.9,,,,,,,,,
-59.2,,,,,,,,,
-59.25,,,,,,,,,
-59.18,,,,,,,,,
-58.8,,,,,,,,,
-58.17,,,,,,,,,
-57.1,,,,,,,,,
-56.04,,,,,,,,,
-55.74,,,,,,,,,
-55.49,,,,,,,,,
-55.55,,,,,,,,,
-55.29,,,,,,,,,
-55.16,,,,,,,,,
-55.23,,,,,,,,,
-55.53,,,,,,,,,
-56.2,,,,,,,,,
-56.48,,,,,,,,,
-56.39,,,,,,,,,
-55.83,,,,,,,,,
-54.84,,,,,,,,,
-53.34,,,,,,,,,
-51.86,,,,,,,,,
-51.37,,,,,,,,,
-50.36,,,,,,,,,
-49.23,,,,,,,,,
-48.77,,,,,,,,,
-47.47,,,,,,,,,
-46.37,,,,,,,,,
-45.54,,,,,,,,,
-44.26,,,,,,,,,
-43.43,,,,,,,,,
-42.9,,,,,,,,,
-41.52,,,,,,,,,
-40.5,,,,,,,,,
-39.91,,,,,,,,,
-39.22,,,,,,,,,
-38.13,,,,,,,,,
-37.68,,,,,,,,,
-35.97,,,,,,,,,
-35.31,,,,,,,,,
-34.42,,,,,,,,,
-33.83,,,,,,,,,
-33.25,,,,,,,,,
-33.07,,,,,,,,,
-32.71,,,,,,,,,
-32.58,,,,,,,,,
-32.52,,,,,,,,,
-32.72,,,,,,,,,
-32.85,,,,,,,,,
-32.66,,,,,,,,,
-33.02,,,,,,,,,
-32.71,,,,,,,,,
-32.82,,,,,,,,,
-32.89,,,,,,,,,
-32.84,,,,,,,,,
-32.75,,,,,,,,,
-32.92,,,,,,,,,
-32.81,,,,,,,,,
-32.82,,,,,,,,,
-32.81,,,,,,,,,
-32.69,,,,,,,,,
-32.73,,,,,,,,,
-32.4,,,,,,,,,
-31.58,,,,,,,,,
-30.76,,,,,,,,,
-29.42,,,,,,,,,
-28.45,,,,,,,,,
-27.15,,,,,,,,,
-25.77,,,,,,,,,
-23.98,,,,,,,,,
-22.73,,,,,,,,,
-21.71,,,,,,,,,
-19.83,,,,,,,,,
-18.87,,,,,,,,,
-17.8,,,,,,,,,
-15.82,,,,,,,,,
-14.22,,,,,,,,,
-12.46,,,,,,,,,
-11.81,,,,,,,,,
-10.84,,,,,,,,,
-9.6,,,,,,,,,
-7.28,,,,,,,,,
-5.08,,,,,,,,,
-3.32,,,,,,,,,
-0.55,,,,,,,,,
1.21,,,,,,,,,
2.97,,,,,,,,,
5.46,,,,,,,,,
7.06,,,,,,,,,
9.84,,,,,,,,,
11.58,,,,,,,,,
13.8,,,,,,,,,
16.29,,,,,,,,,
17.73,,,,,,,,,
18.78,,,,,,,,,
19.89,,,,,,,,,
20.19,,,,,,,,,
20.32,,,,,,,,,
20.84,,,,,,,,,
21.21,,,,,,,,,
21.55,,,,,,,,,
21.46,,,,,,,,,
21.83,,,,,,,,,
22.27,,,,,,,,,
22.12,,,,,,,,,
23.17,,,,,,,,,
23.14,,,,,,,,,
23.07,,,,,,,,,
23.83,,,,,,,,,
23.61,,,,,,,,,
23.46,,,,,,,,,
22.47,,,,,,,,,
21.95,,,,,,,,,
20.84,,,,,,,,,
20.41,,,,,,,,,
21.44,,,,,,,,,
20.78,,,,,,,,,
21.59,,,,,,,,,
22.34,,,,,,,,,
23.39,,,,,,,,,
24.08,,,,,,,,,
25,,,,,,,,,
25.75,,,,,,,,,
26.35,,,,,,,,,
26.83,,,,,,,,,
27.56,,,,,,,,,
28.33,,,,,,,,,
28.81,,,,,,,,,
29.56,,,,,,,,,
29.65,,,,,,,,,
30.03,,,,,,,,,
30.41,,,,,,,,,
30.36,,,,,,,,,
30.68,,,,,,,,,
31.23,,,,,,,,,
31.39,,,,,,,,,
31.51,,,,,,,,,
31.41,,,,,,,,,
31.71,,,,,,,,,
31.49,,,,,,,,,
31.04,,,,,,,,,
30.65,,,,,,,,,
30.22,,,,,,,,,
30.47,,,,,,,,,
30.74,,,,,,,,,
30.95,,,,,,,,,
31.27,,,,,,,,,
31.91,,,,,,,,,
32.94,,,,,,,,,
33.47,,,,,,,,,
33.85,,,,,,,,,
33.68,,,,,,,,,
33.82,,,,,,,,,
33,,,,,,,,,
32.22,,,,,,,,,
33.03,,,,,,,,,
32.86,,,,,,,,,
32.83,,,,,,,,,
32.82,,,,,,,,,
33.18,,,,,,,,,
33.68,,,,,,,,,
33.7,,,,,,,,,
33.98,,,,,,,,,
33.42,,,,,,,,,
32.59,,,,,,,,,
32.72,,,,,,,,,
31.66,,,,,,,,,
30.06,,,,,,,,,
29.98,,,,,,,,,
29.89,,,,,,,,,
30.01,,,,,,,,,
30.48,,,,,,,,,
49 19.17820 -124 19.03224,,,,,,,,,
49 19.17852 -124 19.03190,,,,,,,,,
49 19.17741 -124 19.03218,,,,,,,,,
49 19.17675 -124 19.03179,,,,,,,,,
49 19.17532 -124 19.03355,,,,,,,,,
49 19.17437 -124 19.03424,,,,,,,,,
49 19.17607 -124 19.03431,,,,,,,,,
49 19.17613 -124 19.03437,,,,,,,,,
49 19.17726 -124 19.03441,,,,,,,,,
49 19.17714 -124 19.03298,,,,,,,,,
49 19.17695 -124 19.03287,,,,,,,,,
49 19.17706 -124 19.03215,,,,,,,,,
49 19.17911 -124 19.03287,,,,,,,,,
49 19.17877 -124 19.03338,,,,,,,,,
49 19.17896 -124 19.03377,,,,,,,,,
49 19.17884 -124 19.03374,,,,,,,,,
49 19.17825 -124 19.03437,,,,,,,,,
49 19.17847 -124 19.03526,,,,,,,,,
49 19.17775 -124 19.03603,,,,,,,,,
49 19.18296 -124 19.03399,,,,,,,,,
49 19.18516 -124 19.03285,,,,,,,,,
49 19.18691 -124 19.03422,,,,,,,,,
49 19.18741 -124 19.03341,,,,,,,,,
49 19.18659 -124 19.03337,,,,,,,,,
49 19.18666 -124 19.03445,,,,,,,,,
49 19.18778 -124 19.03552,,,,,,,,,
49 19.18976 -124 19.03628,,,,,,,,,
49 19.19023 -124 19.03605,,,,,,,,,
49 19.19023 -124 19.03420,,,,,,,,,
49 19.19085 -124 19.03302,,,,,,,,,
49 19.19027 -124 19.02978,,,,,,,,,
49 19.18796 -124 19.02978,,,,,,,,,
49 19.18620 -124 19.03041,,,,,,,,,
49 19.18514 -124 19.03140,,,,,,,,,
49 19.18520 -124 19.03189,,,,,,,,,
49 19.18662 -124 19.03204,,,,,,,,,
49 19.18754 -124 19.03253,,,,,,,,,
49 19.18749 -124 19.03298,,,,,,,,,
49 19.18973 -124 19.03420,,,,,,,,,
49 19.18957 -124 19.03315,,,,,,,,,
49 19.19035 -124 19.03323,,,,,,,,,
49 19.19030 -124 19.03360,,,,,,,,,
49 19.19084 -124 19.03438,,,,,,,,,
49 19.19148 -124 19.03454,,,,,,,,,
49 19.19144 -124 19.03634,,,,,,,,,
49 19.19099 -124 19.03860,,,,,,,,,
49 19.19114 -124 19.04034,,,,,,,,,
49 19.19141 -124 19.04219,,,,,,,,,
49 19.19170 -124 19.04445,,,,,,,,,
49 19.19192 -124 19.04776,,,,,,,,,
49 19.19159 -124 19.04966,,,,,,,,,
49 19.19087 -124 19.05186,,,,,,,,,
49 19.19019 -124 19.05392,,,,,,,,,
49 19.18897 -124 19.05470,,,,,,,,,
49 19.18842 -124 19.05476,,,,,,,,,
49 19.18829 -124 19.05466,,,,,,,,,
49 19.18819 -124 19.05431,,,,,,,,,
49 19.18812 -124 19.05425,,,,,,,,,
49 19.18737 -124 19.05468,,,,,,,,,
49 19.18786 -124 19.05546,,,,,,,,,
49 19.18780 -124 19.05565,,,,,,,,,
49 19.18774 -124 19.05571,,,,,,,,,
49 19.18771 -124 19.05614,,,,,,,,,
49 19.18775 -124 19.05642,,,,,,,,,
49 19.18770 -124 19.05689,,,,,,,,,
49 19.18756 -124 19.05695,,,,,,,,,
49 19.18735 -124 19.05702,,,,,,,,,
49 19.18729 -124 19.05713,,,,,,,,,
49 19.18726 -124 19.05728,,,,,,,,,
49 19.18708 -124 19.05731,,,,,,,,,
49 19.18700 -124 19.05733,,,,,,,,,
49 19.18702 -124 19.05733,,,,,,,,,
49 19.18683 -124 19.05737,,,,,,,,,
49 19.18686 -124 19.05732,,,,,,,,,
49 19.18692 -124 19.05733,,,,,,,,,
49 19.18695 -124 19.05728,,,,,,,,,
49 19.18695 -124 19.05721,,,,,,,,,
49 19.18704 -124 19.05714,,,,,,,,,
49 19.18711 -124 19.05714,,,,,,,,,
49 19.18723 -124 19.05714,,,,,,,,,
49 19.18710 -124 19.05713,,,,,,,,,
49 19.18702 -124 19.05710,,,,,,,,,
49 19.18711 -124 19.05712,,,,,,,,,
49 19.18714 -124 19.05714,,,,,,,,,
49 19.18732 -124 19.05713,,,,,,,,,
49 19.18767 -124 19.05720,,,,,,,,,
49 19.18774 -124 19.05727,,,,,,,,,
49 19.18789 -124 19.05743,,,,,,,,,
49 19.18798 -124 19.05745,,,,,,,,,
49 19.18812 -124 19.05743,,,,,,,,,
49 19.18814 -124 19.05743,,,,,,,,,
49 19.18818 -124 19.05740,,,,,,,,,
49 19.18820 -124 19.05743,,,,,,,,,
49 19.18819 -124 19.05741,,,,,,,,,
49 19.18828 -124 19.05735,,,,,,,,,
49 19.18826 -124 19.05720,,,,,,,,,
49 19.18819 -124 19.05705,,,,,,,,,
49 19.18819 -124 19.05701,,,,,,,,,
49 19.18815 -124 19.05694,,,,,,,,,
49 19.18815 -124 19.05682,,,,,,,,,
49 19.18819 -124 19.05672,,,,,,,,,
49 19.18820 -124 19.05662,,,,,,,,,
49 19.18825 -124 19.05655,,,,,,,,,
49 19.18828 -124 19.05642,,,,,,,,,
49 19.18835 -124 19.05636,,,,,,,,,
49 19.18838 -124 19.05632,,,,,,,,,
49 19.18845 -124 19.05631,,,,,,,,,
49 19.18846 -124 19.05632,,,,,,,,,
49 19.18852 -124 19.05634,,,,,,,,,
49 19.18855 -124 19.05634,,,,,,,,,
49 19.18861 -124 19.05635,,,,,,,,,
49 19.18863 -124 19.05625,,,,,,,,,
49 19.18852 -124 19.05607,,,,,,,,,
49 19.18856 -124 19.05594,,,,,,,,,
49 19.18857 -124 19.05590,,,,,,,,,
49 19.18853 -124 19.05573,,,,,,,,,
49 19.18841 -124 19.05568,,,,,,,,,
49 19.18836 -124 19.05568,,,,,,,,,
49 19.18833 -124 19.05570,,,,,,,,,
49 19.18828 -124 19.05599,,,,,,,,,
49 19.18822 -124 19.05636,,,,,,,,,
49 19.18866 -124 19.05733,,,,,,,,,
49 19.18878 -124 19.05762,,,,,,,,,
49 19.18880 -124 19.05771,,,,,,,,,
49 19.18872 -124 19.05775,,,,,,,,,
49 19.18846 -124 19.05788,,,,,,,,,
49 19.18836 -124 19.05780,,,,,,,,,
49 19.18868 -124 19.05776,,,,,,,,,
49 19.18892 -124 19.05755,,,,,,,,,
49 19.18887 -124 19.05725,,,,,,,,,
49 19.18873 -124 19.05726,,,,,,,,,
49 19.18871 -124 19.05735,,,,,,,,,
49 19.18874 -124 19.05739,,,,,,,,,
49 19.18871 -124 19.05736,,,,,,,,,
49 19.18865 -124 19.05749,,,,,,,,,
49 19.18859 -124 19.05756,,,,,,,,,
49 19.18839 -124 19.05770,,,,,,,,,
49 19.18837 -124 19.05787,,,,,,,,,
49 19.18835 -124 19.05791,,,,,,,,,
49 19.18859 -124 19.05813,,,,,,,,,
49 19.18866 -124 19.05830,,,,,,,,,
49 19.18858 -124 19.05822,,,,,,,,,
49 19.18867 -124 19.05820,,,,,,,,,
49 19.18860 -124 19.05803,,,,,,,,,
49 19.18871 -124 19.05796,,,,,,,,,
49 19.18871 -124 19.05795,,,,,,,,,
49 19.18864 -124 19.05785,,,,,,,,,
49 19.18864 -124 19.05775,,,,,,,,,
49 19.18857 -124 19.05771,,,,,,,,,
49 19.18855 -124 19.05770,,,,,,,,,
49 19.18825 -124 19.05777,,,,,,,,,
49 19.18771 -124 19.05773,,,,,,,,,
49 19.18683 -124 19.05802,,,,,,,,,
49 19.18603 -124 19.05857,,,,,,,,,
49 19.18557 -124 19.05915,,,,,,,,,
49 19.18567 -124 19.05872,,,,,,,,,
49 19.18563 -124 19.05535,,,,,,,,,
49 19.18498 -124 19.04572,,,,,,,,,
49 19.18492 -124 19.03788,,,,,,,,,
49 19.18423 -124 19.02970,,,,,,,,,
49 19.18386 -124 19.02375,,,,,,,,,
49 19.18374 -124 19.02028,,,,,,,,,
49 19.18355 -124 19.01780,,,,,,,,,
49 19.18221 -124 19.01535,,,,,,,,,
49 19.17734 -124 19.01406,,,,,,,,,
49 19.16904 -124 19.01363,,,,,,,,,
49 19.15249 -124 19.01302,,,,,,,,,
49 19.14113 -124 19.01030,,,,,,,,,
49 19.12942 -124 19.00318,,,,,,,,,
49 19.12050 -124 18.99427,,,,,,,,,
49 19.11263 -124 18.98283,,,,,,,,,
49 19.10617 -124 18.96971,,,,,,,,,
49 19.10176 -124 18.95490,,,,,,,,,
49 19.09911 -124 18.93870,,,,,,,,,
49 19.09820 -124 18.91568,,,,,,,,,
49 19.09669 -124 18.90446,,,,,,,,,
49 19.09306 -124 18.89759,,,,,,,,,
49 19.08814 -124 18.89542,,,,,,,,,
49 19.08044 -124 18.89931,,,,,,,,,
49 19.07058 -124 18.91033,,,,,,,,,
49 19.05866 -124 18.92437,,,,,,,,,
49 19.04577 -124 18.93995,,,,,,,,,
49 19.03336 -124 18.95523,,,,,,,,,
49 19.01628 -124 18.97806,,,,,,,,,
49 19.00484 -124 18.99333,,,,,,,,,
49 18.99335 -124 19.00986,,,,,,,,,
49 18.98160 -124 19.02740,,,,,,,,,
49 18.96926 -124 19.04494,,,,,,,,,
49 18.95689 -124 19.06327,,,,,,,,,
49 18.94454 -124 19.08185,,,,,,,,,
49 18.93250 -124 19.10015,,,,,,,,,
49 18.91481 -124 19.12720,,,,,,,,,
49 18.90333 -124 19.14506,,,,,,,,,
49 18.89177 -124 19.16300,,,,,,,,,
49 18.88036 -124 19.18099,,,,,,,,,
49 18.86885 -124 19.19882,,,,,,,,,
49 18.85711 -124 19.21675,,,,,,,,,
49 18.84543 -124 19.23477,,,,,,,,,
49 18.83359 -124 19.25229,,,,,,,,,
49 18.82119 -124 19.26854,,,,,,,,,
49 18.80181 -124 19.28971,,,,,,,,,
49 18.78912 -124 19.30080,,,,,,,,,
49 18.77728 -124 19.31029,,,,,,,,,
49 18.76612 -124 19.31804,,,,,,,,,
49 18.75591 -124 19.32412,,,,,,,,,
49 18.74834 -124 19.32829,,,,,,,,,
49 18.74422 -124 19.33015,,,,,,,,,
49 18.74369 -124 19.33040,,,,,,,,,
49 18.74378 -124 19.33058,,,,,,,,,
49 18.74375 -124 19.33054,,,,,,,,,
49 18.74367 -124 19.33032,,,,,,,,,
49 18.74365 -124 19.33031,,,,,,,,,
49 18.74369 -124 19.33033,,,,,,,,,
49 18.74364 -124 19.33029,,,,,,,,,
49 18.74367 -124 19.33033,,,,,,,,,
49 18.74357 -124 19.33015,,,,,,,,,
49 18.74356 -124 19.33016,,,,,,,,,
49 18.74351 -124 19.33011,,,,,,,,,
49 18.74352 -124 19.33016,,,,,,,,,
49 18.74320 -124 19.33023,,,,,,,,,
49 18.74192 -124 19.33069,,,,,,,,,
49 18.73820 -124 19.33236,,,,,,,,,
49 18.73126 -124 19.33493,,,,,,,,,
49 18.72235 -124 19.33881,,,,,,,,,
49 18.71044 -124 19.34376,,,,,,,,,
49 18.69600 -124 19.34974,,,,,,,,,
49 18.67154 -124 19.36007,,,,,,,,,
49 18.65388 -124 19.36753,,,,,,,,,
49 18.63609 -124 19.37523,,,,,,,,,
49 18.61827 -124 19.38290,,,,,,,,,
49 18.60050 -124 19.39037,,,,,,,,,
49 18.58291 -124 19.39760,,,,,,,,,
49 18.56636 -124 19.40427,,,,,,,,,
49 18.55019 -124 19.41087,,,,,,,,,
49 18.52613 -124 19.42091,,,,,,,,,
49 18.50997 -124 19.42765,,,,,,,,,
49 18.49366 -124 19.43448,,,,,,,,,
49 18.47714 -124 19.44137,,,,,,,,,
49 18.46103 -124 19.44814,,,,,,,,,
49 18.44459 -124 19.45504,,,,,,,,,
49 18.42728 -124 19.46339,,,,,,,,,
49 18.40929 -124 19.47443,,,,,,,,,
49 18.39106 -124 19.48862,,,,,,,,,
49 18.36491 -124 19.51424,,,,,,,,,
49 18.34901 -124 19.53400,,,,,,,,,
49 18.33467 -124 19.55562,,,,,,,,,
49 18.32115 -124 19.57912,,,,,,,,,
49 18.30871 -124 19.60398,,,,,,,,,
49 18.29821 -124 19.63060,,,,,,,,,
49 18.28905 -124 19.65853,,,,,,,,,
49 18.28203 -124 19.68807,,,,,,,,,
49 18.27488 -124 19.73520,,,,,,,,,
49 18.27292 -124 19.76824,,,,,,,,,
49 18.27220 -124 19.80193,,,,,,,,,
49 18.27258 -124 19.83567,,,,,,,,,
49 18.27321 -124 19.86956,,,,,,,,,
49 18.27410 -124 19.90304,,,,,,,,,
49 18.27476 -124 19.93578,,,,,,,,,
49 18.27541 -124 19.96849,,,,,,,,,
49 18.27621 -124 20.01711,,,,,,,,,
49 18.27644 -124 20.04918,,,,,,,,,
49 18.27687 -124 20.08129,,,,,,,,,
49 18.27725 -124 20.11391,,,,,,,,,
49 18.27717 -124 20.14720,,,,,,,,,
49 18.27605 -124 20.18024,,,,,,,,,
49 18.27501 -124 20.21310,,,,,,,,,
49 18.27457 -124 20.24631,,,,,,,,,
49 18.27489 -124 20.28011,,,,,,,,,
49 18.27534 -124 20.33086,,,,,,,,,
49 18.27562 -124 20.36472,,,,,,,,,
49 18.27592 -124 20.39853,,,,,,,,,
49 18.27623 -124 20.43229,,,,,,,,,
49 18.27657 -124 20.46508,,,,,,,,,
49 18.27699 -124 20.49741,,,,,,,,,
49 18.27745 -124 20.52972,,,,,,,,,
49 18.27788 -124 20.56179,,,,,,,,,
49 18.27844 -124 20.60952,,,,,,,,,
49 18.27884 -124 20.64159,,,,,,,,,
49 18.27931 -124 20.67364,,,,,,,,,
49 18.27975 -124 20.70555,,,,,,,,,
49 18.28009 -124 20.73748,,,,,,,,,
49 18.28042 -124 20.76911,,,,,,,,,
49 18.28085 -124 20.80043,,,,,,,,,
49 18.28136 -124 20.83190,,,,,,,,,
49 18.28315 -124 20.88044,,,,,,,,,
49 18.28572 -124 20.91362,,,,,,,,,
49 18.28906 -124 20.94700,,,,,,,,,
49 18.29338 -124 20.98039,,,,,,,,,
49 18.29856 -124 21.01314,,,,,,,,,
49 18.30367 -124 21.04565,,,,,,,,,
49 18.30867 -124 21.07799,,,,,,,,,
49 18.31390 -124 21.11005,,,,,,,,,
49 18.31908 -124 21.14197,,,,,,,,,
49 18.32667 -124 21.19034,,,,,,,,,
49 18.33114 -124 21.22267,,,,,,,,,
49 18.33507 -124 21.25446,,,,,,,,,
49 18.33850 -124 21.28509,,,,,,,,,
49 18.34139 -124 21.31371,,,,,,,,,
49 18.34340 -124 21.33982,,,,,,,,,
49 18.34486 -124 21.36040,,,,,,,,,
49 18.34549 -124 21.37519,,,,,,,,,
49 18.34038 -124 21.38610,,,,,,,,,
49 18.33403 -124 21.38800,,,,,,,,,
49 18.32522 -124 21.38897,,,,,,,,,
49 18.31521 -124 21.38957,,,,,,,,,
49 18.30483 -124 21.38992,,,,,,,,,
49 18.29421 -124 21.39042,,,,,,,,,
49 18.28333 -124 21.39107,,,,,,,,,
49 18.27227 -124 21.39197,,,,,,,,,
49 18.25608 -124 21.39338,,,,,,,,,
49 18.24591 -124 21.39561,,,,,,,,,
49 18.23633 -124 21.39985,,,,,,,,,
49 18.22737 -124 21.40521,,,,,,,,,
49 18.21770 -124 21.40919,,,,,,,,,
49 18.20775 -124 21.41327,,,,,,,,,
49 18.19760 -124 21.41600,,,,,,,,,
49 18.18771 -124 21.41567,,,,,,,,,
49 18.17266 -124 21.40686,,,,,,,,,
49 18.16261 -124 21.39942,,,,,,,,,
49 18.15270 -124 21.39208,,,,,,,,,
49 18.14192 -124 21.38398,,,,,,,,,
49 18.13253 -124 21.37651,,,,,,,,,
49 18.12509 -124 21.36785,,,,,,,,,
49 18.12131 -124 21.35734,,,,,,,,,
49 18.12046 -124 21.34334,,,,,,,,,
49 18.11796 -124 21.29527,,,,,,,,,
49 18.11682 -124 21.27782,,,,,,,,,
49 18.11401 -124 21.26554,,,,,,,,,
49 18.10679 -124 21.25656,,,,,,,,,
49 18.09907 -124 21.25506,,,,,,,,,
